31-12-2025 11:28:47.910 [main] INFO  c.t.b.core.BasewareCoreApplication.logStarting - Starting BasewareCoreApplication using Java 21.0.5 with PID 26544 (D:\VNPTProject\workdesk-backend\target\classes started by Tan Nga in D:\VNPTProject\workdesk-backend)
31-12-2025 11:28:47.912 [main] INFO  c.t.b.core.BasewareCoreApplication.logStartupProfileInfo - The following 5 profiles are active: "init", "tls", "uribypass", "openapi", "dev"
31-12-2025 11:28:54.214 [main] INFO  o.s.b.w.e.tomcat.TomcatWebServer.initialize - Tomcat initialized with port 9999 (http)
31-12-2025 11:28:54.224 [main] INFO  o.a.catalina.core.StandardService.log - Starting service [Tomcat]
31-12-2025 11:28:54.224 [main] INFO  o.a.catalina.core.StandardEngine.log - Starting Servlet engine: [Apache Tomcat/10.1.40]
31-12-2025 11:28:54.298 [main] INFO  o.a.c.c.C.[Tomcat].[localhost].[/].log - Initializing Spring embedded WebApplicationContext
31-12-2025 11:28:54.299 [main] INFO  o.s.b.w.s.c.ServletWebServerApplicationContext.prepareWebApplicationContext - Root WebApplicationContext: initialization completed in 6343 ms
31-12-2025 11:28:54.622 [main] INFO  c.t.b.c.configs.CacheConfiguration.redisConnectionFactory - ✅ Configuring Redis connection to localhost:6379 with no authentication
31-12-2025 11:28:55.028 [main] INFO  c.t.b.c.configs.CustomNamingStrategy.init - ✅ Custom naming strategy initialized with development profile (prefix: '')
31-12-2025 11:28:55.319 [main] WARN  com.zaxxer.hikari.HikariConfig.validateNumerics - HikariPool-1 - idleTimeout has been set but has no effect because the pool is operating as a fixed size pool.
31-12-2025 11:28:55.319 [main] INFO  com.zaxxer.hikari.HikariDataSource.getConnection - HikariPool-1 - Starting...
31-12-2025 11:28:55.489 [main] INFO  com.zaxxer.hikari.pool.HikariPool.checkFailFast - HikariPool-1 - Added connection org.postgresql.jdbc.PgConnection@25c756f0
31-12-2025 11:28:55.490 [main] INFO  com.zaxxer.hikari.HikariDataSource.getConnection - HikariPool-1 - Start completed.
31-12-2025 11:28:57.158 [main] WARN  o.h.e.jdbc.spi.SqlExceptionHelper.logWarning - SQL Warning Code: 0, SQLState: 00000
31-12-2025 11:28:57.158 [main] WARN  o.h.e.jdbc.spi.SqlExceptionHelper.logWarning - constraint "ukm4y588r1ixda9l1q6h1r7vp8" of relation "task_documents" does not exist, skipping
31-12-2025 11:28:57.163 [main] WARN  o.h.e.jdbc.spi.SqlExceptionHelper.logWarning - SQL Warning Code: 0, SQLState: 00000
31-12-2025 11:28:57.164 [main] WARN  o.h.e.jdbc.spi.SqlExceptionHelper.logWarning - constraint "uk4y393rf05apoui6wyu79lvtxf" of relation "user_organizations" does not exist, skipping
31-12-2025 11:28:58.471 [main] INFO  o.s.d.j.r.query.QueryEnhancerFactory.<clinit> - Hibernate is in classpath; If applicable, HQL parser will be used.
31-12-2025 11:28:59.310 [main] INFO  c.t.b.core.components.EnumRegistry.initializeEnumRegistry - Initializing Enum Registry...
31-12-2025 11:28:59.322 [main] INFO  c.t.b.core.components.EnumRegistry.scanAndCacheEnums - Successfully cached 30 enums
31-12-2025 11:28:59.322 [main] INFO  c.t.b.core.components.EnumRegistry.initializeEnumRegistry - Enum Registry initialized with 30 enums: [CategoryCode, Operator, OrganizationLevel, TaskPriority, AlertSeverity, TaskAction, TitleDefault, DocumentFileType, SpringProfile, AlertTargetType, ZoneType, TokenType, ProjectAction, ExternalSource, TaskType, TaskDocumentRelationType, DocumentType, InboundStatus, AlertSource, TaskStatus, DocumentStatus, AlertChannel, ProjectStatus, TaskName, AgentRole, ProjectType, LogActionType, MemberStatus, UserType, TaskDependencyType]
31-12-2025 11:29:01.363 [main] INFO  o.s.s.c.a.a.c.InitializeAuthenticationProviderBeanManagerConfigurer$InitializeAuthenticationProviderManagerConfigurer.configure - Global AuthenticationManager configured with AuthenticationProvider bean with name customAuthenticationProvider
31-12-2025 11:29:01.628 [main] INFO  c.t.b.c.configs.AsyncConfiguration.executor - ✅ Async Executor initialized with corePoolSize=10, maxPoolSize=50, queueCapacity=100
31-12-2025 11:29:02.472 [main] INFO  c.t.b.c.c.SecurityConfiguration.securityFilterChain - ✅ Security filter chain configured successfully
31-12-2025 11:29:03.579 [main] INFO  o.s.b.w.e.tomcat.TomcatWebServer.start - Tomcat started on port 9999 (http) with context path '/'
31-12-2025 11:29:03.591 [main] INFO  c.t.b.core.BasewareCoreApplication.logStarted - Started BasewareCoreApplication in 16.274 seconds (process running for 18.22)
31-12-2025 11:29:03.599 [main] INFO  c.t.b.core.configs.DataInitializer.initRoles - Initializing roles...
31-12-2025 11:29:03.666 [main] INFO  c.t.b.core.configs.DataInitializer.initCategories - Initializing categories...
31-12-2025 11:29:03.733 [main] WARN  o.h.e.jdbc.spi.SqlExceptionHelper.logExceptions - SQL Error: 0, SQLState: 23505
31-12-2025 11:29:03.734 [main] ERROR o.h.e.jdbc.spi.SqlExceptionHelper.logExceptions - ERROR: duplicate key value violates unique constraint "ukt8o6pivur7nn124jehx7cygw5"
  Detail: Key (name)=(STAFF) already exists.
31-12-2025 11:29:03.743 [main] INFO  o.s.b.a.l.ConditionEvaluationReportLogger.logMessage - 

Error starting ApplicationContext. To display the condition evaluation report re-run your application with 'debug' enabled.
31-12-2025 11:29:03.760 [main] ERROR o.s.boot.SpringApplication.reportFailure - Application run failed
org.springframework.dao.DataIntegrityViolationException: could not execute statement [ERROR: duplicate key value violates unique constraint "ukt8o6pivur7nn124jehx7cygw5"
  Detail: Key (name)=(STAFF) already exists.] [insert into categories (code,created_by,created_date,deleted,description,display_name,is_system,modified_by,modified_date,name,id) values (?,?,?,?,?,?,?,?,?,?,?)]; SQL [insert into categories (code,created_by,created_date,deleted,description,display_name,is_system,modified_by,modified_date,name,id) values (?,?,?,?,?,?,?,?,?,?,?)]; constraint [ukt8o6pivur7nn124jehx7cygw5]
	at org.springframework.orm.jpa.vendor.HibernateJpaDialect.convertHibernateAccessException(HibernateJpaDialect.java:294)
	at org.springframework.orm.jpa.vendor.HibernateJpaDialect.convertHibernateAccessException(HibernateJpaDialect.java:256)
	at org.springframework.orm.jpa.vendor.HibernateJpaDialect.translateExceptionIfPossible(HibernateJpaDialect.java:241)
	at org.springframework.orm.jpa.AbstractEntityManagerFactoryBean.translateExceptionIfPossible(AbstractEntityManagerFactoryBean.java:560)
	at org.springframework.dao.support.ChainedPersistenceExceptionTranslator.translateExceptionIfPossible(ChainedPersistenceExceptionTranslator.java:61)
	at org.springframework.dao.support.DataAccessUtils.translateIfNecessary(DataAccessUtils.java:343)
	at org.springframework.dao.support.PersistenceExceptionTranslationInterceptor.invoke(PersistenceExceptionTranslationInterceptor.java:160)
	at org.springframework.aop.framework.ReflectiveMethodInvocation.proceed(ReflectiveMethodInvocation.java:184)
	at org.springframework.data.jpa.repository.support.CrudMethodMetadataPostProcessor$CrudMethodMetadataPopulatingMethodInterceptor.invoke(CrudMethodMetadataPostProcessor.java:165)
	at org.springframework.aop.framework.ReflectiveMethodInvocation.proceed(ReflectiveMethodInvocation.java:184)
	at org.springframework.aop.framework.JdkDynamicAopProxy.invoke(JdkDynamicAopProxy.java:223)
	at jdk.proxy2/jdk.proxy2.$Proxy205.saveAllAndFlush(Unknown Source)
	at com.tnh.baseware.core.configs.DataInitializer.initCategories(DataInitializer.java:92)
	at com.tnh.baseware.core.configs.DataInitializer.run(DataInitializer.java:47)
	at java.base/jdk.internal.reflect.DirectMethodHandleAccessor.invoke(DirectMethodHandleAccessor.java:103)
	at java.base/java.lang.reflect.Method.invoke(Method.java:580)
	at org.springframework.aop.support.AopUtils.invokeJoinpointUsingReflection(AopUtils.java:359)
	at org.springframework.aop.framework.ReflectiveMethodInvocation.invokeJoinpoint(ReflectiveMethodInvocation.java:196)
	at org.springframework.aop.framework.ReflectiveMethodInvocation.proceed(ReflectiveMethodInvocation.java:163)
	at org.springframework.transaction.interceptor.TransactionAspectSupport.invokeWithinTransaction(TransactionAspectSupport.java:380)
	at org.springframework.transaction.interceptor.TransactionInterceptor.invoke(TransactionInterceptor.java:119)
	at org.springframework.aop.framework.ReflectiveMethodInvocation.proceed(ReflectiveMethodInvocation.java:184)
	at org.springframework.aop.framework.CglibAopProxy$DynamicAdvisedInterceptor.intercept(CglibAopProxy.java:728)
	at com.tnh.baseware.core.configs.DataInitializer$$SpringCGLIB$$0.run(<generated>)
	at org.springframework.boot.SpringApplication.lambda$callRunner$5(SpringApplication.java:789)
	at org.springframework.util.function.ThrowingConsumer$1.acceptWithException(ThrowingConsumer.java:82)
	at org.springframework.util.function.ThrowingConsumer.accept(ThrowingConsumer.java:60)
	at org.springframework.util.function.ThrowingConsumer$1.accept(ThrowingConsumer.java:86)
	at org.springframework.boot.SpringApplication.callRunner(SpringApplication.java:797)
	at org.springframework.boot.SpringApplication.callRunner(SpringApplication.java:788)
	at org.springframework.boot.SpringApplication.lambda$callRunners$3(SpringApplication.java:773)
	at java.base/java.util.stream.ForEachOps$ForEachOp$OfRef.accept(ForEachOps.java:184)
	at java.base/java.util.stream.SortedOps$SizedRefSortingSink.end(SortedOps.java:357)
	at java.base/java.util.stream.AbstractPipeline.copyInto(AbstractPipeline.java:510)
	at java.base/java.util.stream.AbstractPipeline.wrapAndCopyInto(AbstractPipeline.java:499)
	at java.base/java.util.stream.ForEachOps$ForEachOp.evaluateSequential(ForEachOps.java:151)
	at java.base/java.util.stream.ForEachOps$ForEachOp$OfRef.evaluateSequential(ForEachOps.java:174)
	at java.base/java.util.stream.AbstractPipeline.evaluate(AbstractPipeline.java:234)
	at java.base/java.util.stream.ReferencePipeline.forEach(ReferencePipeline.java:596)
	at org.springframework.boot.SpringApplication.callRunners(SpringApplication.java:773)
	at org.springframework.boot.SpringApplication.run(SpringApplication.java:325)
	at com.tnh.baseware.core.BasewareCoreApplication.main(BasewareCoreApplication.java:39)
Caused by: org.hibernate.exception.ConstraintViolationException: could not execute statement [ERROR: duplicate key value violates unique constraint "ukt8o6pivur7nn124jehx7cygw5"
  Detail: Key (name)=(STAFF) already exists.] [insert into categories (code,created_by,created_date,deleted,description,display_name,is_system,modified_by,modified_date,name,id) values (?,?,?,?,?,?,?,?,?,?,?)]
	at org.hibernate.exception.internal.SQLStateConversionDelegate.convert(SQLStateConversionDelegate.java:97)
	at org.hibernate.exception.internal.StandardSQLExceptionConverter.convert(StandardSQLExceptionConverter.java:58)
	at org.hibernate.engine.jdbc.spi.SqlExceptionHelper.convert(SqlExceptionHelper.java:108)
	at org.hibernate.engine.jdbc.internal.ResultSetReturnImpl.executeUpdate(ResultSetReturnImpl.java:197)
	at org.hibernate.engine.jdbc.mutation.internal.AbstractMutationExecutor.performNonBatchedMutation(AbstractMutationExecutor.java:134)
	at org.hibernate.engine.jdbc.mutation.internal.MutationExecutorSingleNonBatched.performNonBatchedOperations(MutationExecutorSingleNonBatched.java:55)
	at org.hibernate.engine.jdbc.mutation.internal.AbstractMutationExecutor.execute(AbstractMutationExecutor.java:55)
	at org.hibernate.persister.entity.mutation.InsertCoordinatorStandard.doStaticInserts(InsertCoordinatorStandard.java:194)
	at org.hibernate.persister.entity.mutation.InsertCoordinatorStandard.coordinateInsert(InsertCoordinatorStandard.java:132)
	at org.hibernate.persister.entity.mutation.InsertCoordinatorStandard.insert(InsertCoordinatorStandard.java:104)
	at org.hibernate.action.internal.EntityInsertAction.execute(EntityInsertAction.java:110)
	at org.hibernate.engine.spi.ActionQueue.executeActions(ActionQueue.java:644)
	at org.hibernate.engine.spi.ActionQueue.executeActions(ActionQueue.java:511)
	at org.hibernate.event.internal.AbstractFlushingEventListener.performExecutions(AbstractFlushingEventListener.java:414)
	at org.hibernate.event.internal.DefaultFlushEventListener.onFlush(DefaultFlushEventListener.java:41)
	at org.hibernate.event.service.internal.EventListenerGroupImpl.fireEventOnEachListener(EventListenerGroupImpl.java:127)
	at org.hibernate.internal.SessionImpl.doFlush(SessionImpl.java:1429)
	at org.hibernate.internal.SessionImpl.flush(SessionImpl.java:1415)
	at java.base/jdk.internal.reflect.DirectMethodHandleAccessor.invoke(DirectMethodHandleAccessor.java:103)
	at java.base/java.lang.reflect.Method.invoke(Method.java:580)
	at org.springframework.orm.jpa.SharedEntityManagerCreator$SharedEntityManagerInvocationHandler.invoke(SharedEntityManagerCreator.java:320)
	at jdk.proxy2/jdk.proxy2.$Proxy193.flush(Unknown Source)
	at org.springframework.data.jpa.repository.support.SimpleJpaRepository.flush(SimpleJpaRepository.java:681)
	at org.springframework.data.jpa.repository.support.SimpleJpaRepository.saveAllAndFlush(SimpleJpaRepository.java:673)
	at java.base/jdk.internal.reflect.DirectMethodHandleAccessor.invoke(DirectMethodHandleAccessor.java:103)
	at java.base/java.lang.reflect.Method.invoke(Method.java:580)
	at org.springframework.aop.support.AopUtils.invokeJoinpointUsingReflection(AopUtils.java:359)
	at org.springframework.data.repository.core.support.RepositoryMethodInvoker$RepositoryFragmentMethodInvoker.lambda$new$0(RepositoryMethodInvoker.java:277)
	at org.springframework.data.repository.core.support.RepositoryMethodInvoker.doInvoke(RepositoryMethodInvoker.java:170)
	at org.springframework.data.repository.core.support.RepositoryMethodInvoker.invoke(RepositoryMethodInvoker.java:158)
	at org.springframework.data.repository.core.support.RepositoryComposition$RepositoryFragments.invoke(RepositoryComposition.java:515)
	at org.springframework.data.repository.core.support.RepositoryComposition.invoke(RepositoryComposition.java:284)
	at org.springframework.data.repository.core.support.RepositoryFactorySupport$ImplementationMethodExecutionInterceptor.invoke(RepositoryFactorySupport.java:731)
	at org.springframework.aop.framework.ReflectiveMethodInvocation.proceed(ReflectiveMethodInvocation.java:184)
	at org.springframework.data.repository.core.support.QueryExecutorMethodInterceptor.doInvoke(QueryExecutorMethodInterceptor.java:174)
	at org.springframework.data.repository.core.support.QueryExecutorMethodInterceptor.invoke(QueryExecutorMethodInterceptor.java:149)
	at org.springframework.aop.framework.ReflectiveMethodInvocation.proceed(ReflectiveMethodInvocation.java:184)
	at org.springframework.data.projection.DefaultMethodInvokingMethodInterceptor.invoke(DefaultMethodInvokingMethodInterceptor.java:69)
	at org.springframework.aop.framework.ReflectiveMethodInvocation.proceed(ReflectiveMethodInvocation.java:184)
	at org.springframework.transaction.interceptor.TransactionAspectSupport.invokeWithinTransaction(TransactionAspectSupport.java:380)
	at org.springframework.transaction.interceptor.TransactionInterceptor.invoke(TransactionInterceptor.java:119)
	at org.springframework.aop.framework.ReflectiveMethodInvocation.proceed(ReflectiveMethodInvocation.java:184)
	at org.springframework.dao.support.PersistenceExceptionTranslationInterceptor.invoke(PersistenceExceptionTranslationInterceptor.java:138)
	... 35 common frames omitted
Caused by: org.postgresql.util.PSQLException: ERROR: duplicate key value violates unique constraint "ukt8o6pivur7nn124jehx7cygw5"
  Detail: Key (name)=(STAFF) already exists.
	at org.postgresql.core.v3.QueryExecutorImpl.receiveErrorResponse(QueryExecutorImpl.java:2733)
	at org.postgresql.core.v3.QueryExecutorImpl.processResults(QueryExecutorImpl.java:2420)
	at org.postgresql.core.v3.QueryExecutorImpl.execute(QueryExecutorImpl.java:372)
	at org.postgresql.jdbc.PgStatement.executeInternal(PgStatement.java:517)
	at org.postgresql.jdbc.PgStatement.execute(PgStatement.java:434)
	at org.postgresql.jdbc.PgPreparedStatement.executeWithFlags(PgPreparedStatement.java:194)
	at org.postgresql.jdbc.PgPreparedStatement.executeUpdate(PgPreparedStatement.java:155)
	at com.zaxxer.hikari.pool.ProxyPreparedStatement.executeUpdate(ProxyPreparedStatement.java:61)
	at com.zaxxer.hikari.pool.HikariProxyPreparedStatement.executeUpdate(HikariProxyPreparedStatement.java)
	at org.hibernate.engine.jdbc.internal.ResultSetReturnImpl.executeUpdate(ResultSetReturnImpl.java:194)
	... 74 common frames omitted
31-12-2025 11:29:03.765 [main] INFO  o.s.b.w.e.tomcat.GracefulShutdown.shutDownGracefully - Commencing graceful shutdown. Waiting for active requests to complete
31-12-2025 11:29:03.767 [tomcat-shutdown] INFO  o.s.b.w.e.tomcat.GracefulShutdown.doShutdown - Graceful shutdown complete
31-12-2025 11:29:05.851 [main] INFO  c.t.b.c.configs.AsyncConfiguration.shutdownExecutor - ✅ Shutting down Async Executor...
31-12-2025 11:29:05.851 [main] INFO  c.t.b.c.configs.AsyncConfiguration.shutdownExecutor - ✅ Async Executor shutdown completed
31-12-2025 11:29:05.855 [main] INFO  com.zaxxer.hikari.HikariDataSource.close - HikariPool-1 - Shutdown initiated...
31-12-2025 11:29:05.857 [main] INFO  com.zaxxer.hikari.HikariDataSource.close - HikariPool-1 - Shutdown completed.
31-12-2025 11:33:15.403 [main] INFO  c.t.b.core.BasewareCoreApplication.logStarting - Starting BasewareCoreApplication using Java 21.0.5 with PID 31068 (D:\VNPTProject\workdesk-backend\target\classes started by Tan Nga in D:\VNPTProject\workdesk-backend)
31-12-2025 11:33:15.404 [main] INFO  c.t.b.core.BasewareCoreApplication.logStartupProfileInfo - The following 5 profiles are active: "init", "tls", "uribypass", "openapi", "dev"
31-12-2025 11:33:17.824 [main] INFO  o.s.b.w.e.tomcat.TomcatWebServer.initialize - Tomcat initialized with port 9999 (http)
31-12-2025 11:33:17.840 [main] INFO  o.a.catalina.core.StandardService.log - Starting service [Tomcat]
31-12-2025 11:33:17.840 [main] INFO  o.a.catalina.core.StandardEngine.log - Starting Servlet engine: [Apache Tomcat/10.1.40]
31-12-2025 11:33:17.923 [main] INFO  o.a.c.c.C.[Tomcat].[localhost].[/].log - Initializing Spring embedded WebApplicationContext
31-12-2025 11:33:17.924 [main] INFO  o.s.b.w.s.c.ServletWebServerApplicationContext.prepareWebApplicationContext - Root WebApplicationContext: initialization completed in 2485 ms
31-12-2025 11:33:18.272 [main] INFO  c.t.b.c.configs.CacheConfiguration.redisConnectionFactory - ✅ Configuring Redis connection to localhost:6379 with no authentication
31-12-2025 11:33:18.635 [main] INFO  c.t.b.c.configs.CustomNamingStrategy.init - ✅ Custom naming strategy initialized with development profile (prefix: '')
31-12-2025 11:33:18.865 [main] WARN  com.zaxxer.hikari.HikariConfig.validateNumerics - HikariPool-1 - idleTimeout has been set but has no effect because the pool is operating as a fixed size pool.
31-12-2025 11:33:18.866 [main] INFO  com.zaxxer.hikari.HikariDataSource.getConnection - HikariPool-1 - Starting...
31-12-2025 11:33:19.018 [main] INFO  com.zaxxer.hikari.pool.HikariPool.checkFailFast - HikariPool-1 - Added connection org.postgresql.jdbc.PgConnection@6e5106fc
31-12-2025 11:33:19.019 [main] INFO  com.zaxxer.hikari.HikariDataSource.getConnection - HikariPool-1 - Start completed.
31-12-2025 11:33:21.818 [main] INFO  o.s.d.j.r.query.QueryEnhancerFactory.<clinit> - Hibernate is in classpath; If applicable, HQL parser will be used.
31-12-2025 11:33:22.565 [main] INFO  c.t.b.core.components.EnumRegistry.initializeEnumRegistry - Initializing Enum Registry...
31-12-2025 11:33:22.576 [main] INFO  c.t.b.core.components.EnumRegistry.scanAndCacheEnums - Successfully cached 30 enums
31-12-2025 11:33:22.578 [main] INFO  c.t.b.core.components.EnumRegistry.initializeEnumRegistry - Enum Registry initialized with 30 enums: [CategoryCode, Operator, OrganizationLevel, TaskPriority, AlertSeverity, TaskAction, TitleDefault, DocumentFileType, SpringProfile, AlertTargetType, ZoneType, TokenType, ProjectAction, ExternalSource, TaskType, TaskDocumentRelationType, DocumentType, InboundStatus, AlertSource, TaskStatus, DocumentStatus, AlertChannel, ProjectStatus, TaskName, AgentRole, ProjectType, LogActionType, MemberStatus, UserType, TaskDependencyType]
31-12-2025 11:33:24.435 [main] INFO  o.s.s.c.a.a.c.InitializeAuthenticationProviderBeanManagerConfigurer$InitializeAuthenticationProviderManagerConfigurer.configure - Global AuthenticationManager configured with AuthenticationProvider bean with name customAuthenticationProvider
31-12-2025 11:33:24.670 [main] INFO  c.t.b.c.configs.AsyncConfiguration.executor - ✅ Async Executor initialized with corePoolSize=10, maxPoolSize=50, queueCapacity=100
31-12-2025 11:33:25.440 [main] INFO  c.t.b.c.c.SecurityConfiguration.securityFilterChain - ✅ Security filter chain configured successfully
31-12-2025 11:33:26.474 [main] INFO  o.s.b.w.e.tomcat.TomcatWebServer.start - Tomcat started on port 9999 (http) with context path '/'
31-12-2025 11:33:26.487 [main] INFO  c.t.b.core.BasewareCoreApplication.logStarted - Started BasewareCoreApplication in 11.545 seconds (process running for 12.287)
31-12-2025 11:33:26.499 [main] INFO  c.t.b.core.configs.DataInitializer.initRoles - Initializing roles...
31-12-2025 11:33:26.579 [main] INFO  c.t.b.core.configs.DataInitializer.initCategories - Initializing categories...
31-12-2025 11:33:26.654 [main] WARN  o.h.e.jdbc.spi.SqlExceptionHelper.logExceptions - SQL Error: 0, SQLState: 23505
31-12-2025 11:33:26.654 [main] ERROR o.h.e.jdbc.spi.SqlExceptionHelper.logExceptions - ERROR: duplicate key value violates unique constraint "ukt8o6pivur7nn124jehx7cygw5"
  Detail: Key (name)=(STAFF) already exists.
31-12-2025 11:33:26.662 [main] INFO  o.s.b.a.l.ConditionEvaluationReportLogger.logMessage - 

Error starting ApplicationContext. To display the condition evaluation report re-run your application with 'debug' enabled.
31-12-2025 11:33:26.676 [main] ERROR o.s.boot.SpringApplication.reportFailure - Application run failed
org.springframework.dao.DataIntegrityViolationException: could not execute statement [ERROR: duplicate key value violates unique constraint "ukt8o6pivur7nn124jehx7cygw5"
  Detail: Key (name)=(STAFF) already exists.] [insert into categories (code,created_by,created_date,deleted,description,display_name,is_system,modified_by,modified_date,name,id) values (?,?,?,?,?,?,?,?,?,?,?)]; SQL [insert into categories (code,created_by,created_date,deleted,description,display_name,is_system,modified_by,modified_date,name,id) values (?,?,?,?,?,?,?,?,?,?,?)]; constraint [ukt8o6pivur7nn124jehx7cygw5]
	at org.springframework.orm.jpa.vendor.HibernateJpaDialect.convertHibernateAccessException(HibernateJpaDialect.java:294)
	at org.springframework.orm.jpa.vendor.HibernateJpaDialect.convertHibernateAccessException(HibernateJpaDialect.java:256)
	at org.springframework.orm.jpa.vendor.HibernateJpaDialect.translateExceptionIfPossible(HibernateJpaDialect.java:241)
	at org.springframework.orm.jpa.AbstractEntityManagerFactoryBean.translateExceptionIfPossible(AbstractEntityManagerFactoryBean.java:560)
	at org.springframework.dao.support.ChainedPersistenceExceptionTranslator.translateExceptionIfPossible(ChainedPersistenceExceptionTranslator.java:61)
	at org.springframework.dao.support.DataAccessUtils.translateIfNecessary(DataAccessUtils.java:343)
	at org.springframework.dao.support.PersistenceExceptionTranslationInterceptor.invoke(PersistenceExceptionTranslationInterceptor.java:160)
	at org.springframework.aop.framework.ReflectiveMethodInvocation.proceed(ReflectiveMethodInvocation.java:184)
	at org.springframework.data.jpa.repository.support.CrudMethodMetadataPostProcessor$CrudMethodMetadataPopulatingMethodInterceptor.invoke(CrudMethodMetadataPostProcessor.java:165)
	at org.springframework.aop.framework.ReflectiveMethodInvocation.proceed(ReflectiveMethodInvocation.java:184)
	at org.springframework.aop.framework.JdkDynamicAopProxy.invoke(JdkDynamicAopProxy.java:223)
	at jdk.proxy2/jdk.proxy2.$Proxy205.saveAllAndFlush(Unknown Source)
	at com.tnh.baseware.core.configs.DataInitializer.initCategories(DataInitializer.java:92)
	at com.tnh.baseware.core.configs.DataInitializer.run(DataInitializer.java:47)
	at java.base/jdk.internal.reflect.DirectMethodHandleAccessor.invoke(DirectMethodHandleAccessor.java:103)
	at java.base/java.lang.reflect.Method.invoke(Method.java:580)
	at org.springframework.aop.support.AopUtils.invokeJoinpointUsingReflection(AopUtils.java:359)
	at org.springframework.aop.framework.ReflectiveMethodInvocation.invokeJoinpoint(ReflectiveMethodInvocation.java:196)
	at org.springframework.aop.framework.ReflectiveMethodInvocation.proceed(ReflectiveMethodInvocation.java:163)
	at org.springframework.transaction.interceptor.TransactionAspectSupport.invokeWithinTransaction(TransactionAspectSupport.java:380)
	at org.springframework.transaction.interceptor.TransactionInterceptor.invoke(TransactionInterceptor.java:119)
	at org.springframework.aop.framework.ReflectiveMethodInvocation.proceed(ReflectiveMethodInvocation.java:184)
	at org.springframework.aop.framework.CglibAopProxy$DynamicAdvisedInterceptor.intercept(CglibAopProxy.java:728)
	at com.tnh.baseware.core.configs.DataInitializer$$SpringCGLIB$$0.run(<generated>)
	at org.springframework.boot.SpringApplication.lambda$callRunner$5(SpringApplication.java:789)
	at org.springframework.util.function.ThrowingConsumer$1.acceptWithException(ThrowingConsumer.java:82)
	at org.springframework.util.function.ThrowingConsumer.accept(ThrowingConsumer.java:60)
	at org.springframework.util.function.ThrowingConsumer$1.accept(ThrowingConsumer.java:86)
	at org.springframework.boot.SpringApplication.callRunner(SpringApplication.java:797)
	at org.springframework.boot.SpringApplication.callRunner(SpringApplication.java:788)
	at org.springframework.boot.SpringApplication.lambda$callRunners$3(SpringApplication.java:773)
	at java.base/java.util.stream.ForEachOps$ForEachOp$OfRef.accept(ForEachOps.java:184)
	at java.base/java.util.stream.SortedOps$SizedRefSortingSink.end(SortedOps.java:357)
	at java.base/java.util.stream.AbstractPipeline.copyInto(AbstractPipeline.java:510)
	at java.base/java.util.stream.AbstractPipeline.wrapAndCopyInto(AbstractPipeline.java:499)
	at java.base/java.util.stream.ForEachOps$ForEachOp.evaluateSequential(ForEachOps.java:151)
	at java.base/java.util.stream.ForEachOps$ForEachOp$OfRef.evaluateSequential(ForEachOps.java:174)
	at java.base/java.util.stream.AbstractPipeline.evaluate(AbstractPipeline.java:234)
	at java.base/java.util.stream.ReferencePipeline.forEach(ReferencePipeline.java:596)
	at org.springframework.boot.SpringApplication.callRunners(SpringApplication.java:773)
	at org.springframework.boot.SpringApplication.run(SpringApplication.java:325)
	at com.tnh.baseware.core.BasewareCoreApplication.main(BasewareCoreApplication.java:39)
Caused by: org.hibernate.exception.ConstraintViolationException: could not execute statement [ERROR: duplicate key value violates unique constraint "ukt8o6pivur7nn124jehx7cygw5"
  Detail: Key (name)=(STAFF) already exists.] [insert into categories (code,created_by,created_date,deleted,description,display_name,is_system,modified_by,modified_date,name,id) values (?,?,?,?,?,?,?,?,?,?,?)]
	at org.hibernate.exception.internal.SQLStateConversionDelegate.convert(SQLStateConversionDelegate.java:97)
	at org.hibernate.exception.internal.StandardSQLExceptionConverter.convert(StandardSQLExceptionConverter.java:58)
	at org.hibernate.engine.jdbc.spi.SqlExceptionHelper.convert(SqlExceptionHelper.java:108)
	at org.hibernate.engine.jdbc.internal.ResultSetReturnImpl.executeUpdate(ResultSetReturnImpl.java:197)
	at org.hibernate.engine.jdbc.mutation.internal.AbstractMutationExecutor.performNonBatchedMutation(AbstractMutationExecutor.java:134)
	at org.hibernate.engine.jdbc.mutation.internal.MutationExecutorSingleNonBatched.performNonBatchedOperations(MutationExecutorSingleNonBatched.java:55)
	at org.hibernate.engine.jdbc.mutation.internal.AbstractMutationExecutor.execute(AbstractMutationExecutor.java:55)
	at org.hibernate.persister.entity.mutation.InsertCoordinatorStandard.doStaticInserts(InsertCoordinatorStandard.java:194)
	at org.hibernate.persister.entity.mutation.InsertCoordinatorStandard.coordinateInsert(InsertCoordinatorStandard.java:132)
	at org.hibernate.persister.entity.mutation.InsertCoordinatorStandard.insert(InsertCoordinatorStandard.java:104)
	at org.hibernate.action.internal.EntityInsertAction.execute(EntityInsertAction.java:110)
	at org.hibernate.engine.spi.ActionQueue.executeActions(ActionQueue.java:644)
	at org.hibernate.engine.spi.ActionQueue.executeActions(ActionQueue.java:511)
	at org.hibernate.event.internal.AbstractFlushingEventListener.performExecutions(AbstractFlushingEventListener.java:414)
	at org.hibernate.event.internal.DefaultFlushEventListener.onFlush(DefaultFlushEventListener.java:41)
	at org.hibernate.event.service.internal.EventListenerGroupImpl.fireEventOnEachListener(EventListenerGroupImpl.java:127)
	at org.hibernate.internal.SessionImpl.doFlush(SessionImpl.java:1429)
	at org.hibernate.internal.SessionImpl.flush(SessionImpl.java:1415)
	at java.base/jdk.internal.reflect.DirectMethodHandleAccessor.invoke(DirectMethodHandleAccessor.java:103)
	at java.base/java.lang.reflect.Method.invoke(Method.java:580)
	at org.springframework.orm.jpa.SharedEntityManagerCreator$SharedEntityManagerInvocationHandler.invoke(SharedEntityManagerCreator.java:320)
	at jdk.proxy2/jdk.proxy2.$Proxy193.flush(Unknown Source)
	at org.springframework.data.jpa.repository.support.SimpleJpaRepository.flush(SimpleJpaRepository.java:681)
	at org.springframework.data.jpa.repository.support.SimpleJpaRepository.saveAllAndFlush(SimpleJpaRepository.java:673)
	at java.base/jdk.internal.reflect.DirectMethodHandleAccessor.invoke(DirectMethodHandleAccessor.java:103)
	at java.base/java.lang.reflect.Method.invoke(Method.java:580)
	at org.springframework.aop.support.AopUtils.invokeJoinpointUsingReflection(AopUtils.java:359)
	at org.springframework.data.repository.core.support.RepositoryMethodInvoker$RepositoryFragmentMethodInvoker.lambda$new$0(RepositoryMethodInvoker.java:277)
	at org.springframework.data.repository.core.support.RepositoryMethodInvoker.doInvoke(RepositoryMethodInvoker.java:170)
	at org.springframework.data.repository.core.support.RepositoryMethodInvoker.invoke(RepositoryMethodInvoker.java:158)
	at org.springframework.data.repository.core.support.RepositoryComposition$RepositoryFragments.invoke(RepositoryComposition.java:515)
	at org.springframework.data.repository.core.support.RepositoryComposition.invoke(RepositoryComposition.java:284)
	at org.springframework.data.repository.core.support.RepositoryFactorySupport$ImplementationMethodExecutionInterceptor.invoke(RepositoryFactorySupport.java:731)
	at org.springframework.aop.framework.ReflectiveMethodInvocation.proceed(ReflectiveMethodInvocation.java:184)
	at org.springframework.data.repository.core.support.QueryExecutorMethodInterceptor.doInvoke(QueryExecutorMethodInterceptor.java:174)
	at org.springframework.data.repository.core.support.QueryExecutorMethodInterceptor.invoke(QueryExecutorMethodInterceptor.java:149)
	at org.springframework.aop.framework.ReflectiveMethodInvocation.proceed(ReflectiveMethodInvocation.java:184)
	at org.springframework.data.projection.DefaultMethodInvokingMethodInterceptor.invoke(DefaultMethodInvokingMethodInterceptor.java:69)
	at org.springframework.aop.framework.ReflectiveMethodInvocation.proceed(ReflectiveMethodInvocation.java:184)
	at org.springframework.transaction.interceptor.TransactionAspectSupport.invokeWithinTransaction(TransactionAspectSupport.java:380)
	at org.springframework.transaction.interceptor.TransactionInterceptor.invoke(TransactionInterceptor.java:119)
	at org.springframework.aop.framework.ReflectiveMethodInvocation.proceed(ReflectiveMethodInvocation.java:184)
	at org.springframework.dao.support.PersistenceExceptionTranslationInterceptor.invoke(PersistenceExceptionTranslationInterceptor.java:138)
	... 35 common frames omitted
Caused by: org.postgresql.util.PSQLException: ERROR: duplicate key value violates unique constraint "ukt8o6pivur7nn124jehx7cygw5"
  Detail: Key (name)=(STAFF) already exists.
	at org.postgresql.core.v3.QueryExecutorImpl.receiveErrorResponse(QueryExecutorImpl.java:2733)
	at org.postgresql.core.v3.QueryExecutorImpl.processResults(QueryExecutorImpl.java:2420)
	at org.postgresql.core.v3.QueryExecutorImpl.execute(QueryExecutorImpl.java:372)
	at org.postgresql.jdbc.PgStatement.executeInternal(PgStatement.java:517)
	at org.postgresql.jdbc.PgStatement.execute(PgStatement.java:434)
	at org.postgresql.jdbc.PgPreparedStatement.executeWithFlags(PgPreparedStatement.java:194)
	at org.postgresql.jdbc.PgPreparedStatement.executeUpdate(PgPreparedStatement.java:155)
	at com.zaxxer.hikari.pool.ProxyPreparedStatement.executeUpdate(ProxyPreparedStatement.java:61)
	at com.zaxxer.hikari.pool.HikariProxyPreparedStatement.executeUpdate(HikariProxyPreparedStatement.java)
	at org.hibernate.engine.jdbc.internal.ResultSetReturnImpl.executeUpdate(ResultSetReturnImpl.java:194)
	... 74 common frames omitted
31-12-2025 11:33:26.680 [main] INFO  o.s.b.w.e.tomcat.GracefulShutdown.shutDownGracefully - Commencing graceful shutdown. Waiting for active requests to complete
31-12-2025 11:33:26.682 [tomcat-shutdown] INFO  o.s.b.w.e.tomcat.GracefulShutdown.doShutdown - Graceful shutdown complete
31-12-2025 11:33:28.785 [main] INFO  c.t.b.c.configs.AsyncConfiguration.shutdownExecutor - ✅ Shutting down Async Executor...
31-12-2025 11:33:28.785 [main] INFO  c.t.b.c.configs.AsyncConfiguration.shutdownExecutor - ✅ Async Executor shutdown completed
31-12-2025 11:33:28.789 [main] INFO  com.zaxxer.hikari.HikariDataSource.close - HikariPool-1 - Shutdown initiated...
31-12-2025 11:33:28.791 [main] INFO  com.zaxxer.hikari.HikariDataSource.close - HikariPool-1 - Shutdown completed.
31-12-2025 11:36:30.519 [main] INFO  c.t.b.core.BasewareCoreApplication.logStarting - Starting BasewareCoreApplication using Java 21.0.5 with PID 33216 (D:\VNPTProject\workdesk-backend\target\classes started by Tan Nga in D:\VNPTProject\workdesk-backend)
31-12-2025 11:36:30.521 [main] INFO  c.t.b.core.BasewareCoreApplication.logStartupProfileInfo - The following 5 profiles are active: "init", "tls", "uribypass", "openapi", "dev"
31-12-2025 11:36:32.472 [main] INFO  o.s.b.w.e.tomcat.TomcatWebServer.initialize - Tomcat initialized with port 9999 (http)
31-12-2025 11:36:32.481 [main] INFO  o.a.catalina.core.StandardService.log - Starting service [Tomcat]
31-12-2025 11:36:32.481 [main] INFO  o.a.catalina.core.StandardEngine.log - Starting Servlet engine: [Apache Tomcat/10.1.40]
31-12-2025 11:36:32.547 [main] INFO  o.a.c.c.C.[Tomcat].[localhost].[/].log - Initializing Spring embedded WebApplicationContext
31-12-2025 11:36:32.548 [main] INFO  o.s.b.w.s.c.ServletWebServerApplicationContext.prepareWebApplicationContext - Root WebApplicationContext: initialization completed in 1995 ms
31-12-2025 11:36:32.836 [main] INFO  c.t.b.c.configs.CacheConfiguration.redisConnectionFactory - ✅ Configuring Redis connection to localhost:6379 with no authentication
31-12-2025 11:36:33.179 [main] INFO  c.t.b.c.configs.CustomNamingStrategy.init - ✅ Custom naming strategy initialized with development profile (prefix: '')
31-12-2025 11:36:33.398 [main] WARN  com.zaxxer.hikari.HikariConfig.validateNumerics - HikariPool-1 - idleTimeout has been set but has no effect because the pool is operating as a fixed size pool.
31-12-2025 11:36:33.398 [main] INFO  com.zaxxer.hikari.HikariDataSource.getConnection - HikariPool-1 - Starting...
31-12-2025 11:36:33.538 [main] INFO  com.zaxxer.hikari.pool.HikariPool.checkFailFast - HikariPool-1 - Added connection org.postgresql.jdbc.PgConnection@3509f32d
31-12-2025 11:36:33.540 [main] INFO  com.zaxxer.hikari.HikariDataSource.getConnection - HikariPool-1 - Start completed.
31-12-2025 11:36:36.529 [main] INFO  o.s.d.j.r.query.QueryEnhancerFactory.<clinit> - Hibernate is in classpath; If applicable, HQL parser will be used.
31-12-2025 11:36:37.441 [main] INFO  c.t.b.core.components.EnumRegistry.initializeEnumRegistry - Initializing Enum Registry...
31-12-2025 11:36:37.455 [main] INFO  c.t.b.core.components.EnumRegistry.scanAndCacheEnums - Successfully cached 30 enums
31-12-2025 11:36:37.455 [main] INFO  c.t.b.core.components.EnumRegistry.initializeEnumRegistry - Enum Registry initialized with 30 enums: [CategoryCode, Operator, OrganizationLevel, TaskPriority, AlertSeverity, TaskAction, TitleDefault, DocumentFileType, SpringProfile, AlertTargetType, ZoneType, TokenType, ProjectAction, ExternalSource, TaskType, TaskDocumentRelationType, DocumentType, InboundStatus, AlertSource, TaskStatus, DocumentStatus, AlertChannel, ProjectStatus, TaskName, AgentRole, ProjectType, LogActionType, MemberStatus, UserType, TaskDependencyType]
31-12-2025 11:36:39.346 [main] INFO  o.s.s.c.a.a.c.InitializeAuthenticationProviderBeanManagerConfigurer$InitializeAuthenticationProviderManagerConfigurer.configure - Global AuthenticationManager configured with AuthenticationProvider bean with name customAuthenticationProvider
31-12-2025 11:36:39.574 [main] INFO  c.t.b.c.configs.AsyncConfiguration.executor - ✅ Async Executor initialized with corePoolSize=10, maxPoolSize=50, queueCapacity=100
31-12-2025 11:36:40.304 [main] INFO  c.t.b.c.c.SecurityConfiguration.securityFilterChain - ✅ Security filter chain configured successfully
31-12-2025 11:36:41.294 [main] INFO  o.s.b.w.e.tomcat.TomcatWebServer.start - Tomcat started on port 9999 (http) with context path '/'
31-12-2025 11:36:41.305 [main] INFO  c.t.b.core.BasewareCoreApplication.logStarted - Started BasewareCoreApplication in 11.308 seconds (process running for 12.107)
31-12-2025 11:36:41.313 [main] INFO  c.t.b.core.configs.DataInitializer.initRoles - Initializing roles...
31-12-2025 11:36:41.385 [main] INFO  c.t.b.core.configs.DataInitializer.initCategories - Initializing categories...
31-12-2025 11:36:41.468 [main] WARN  o.h.e.jdbc.spi.SqlExceptionHelper.logExceptions - SQL Error: 0, SQLState: 23505
31-12-2025 11:36:41.468 [main] ERROR o.h.e.jdbc.spi.SqlExceptionHelper.logExceptions - ERROR: duplicate key value violates unique constraint "ukt8o6pivur7nn124jehx7cygw5"
  Detail: Key (name)=(STAFF) already exists.
31-12-2025 11:36:41.479 [main] INFO  o.s.b.a.l.ConditionEvaluationReportLogger.logMessage - 

Error starting ApplicationContext. To display the condition evaluation report re-run your application with 'debug' enabled.
31-12-2025 11:36:41.495 [main] ERROR o.s.boot.SpringApplication.reportFailure - Application run failed
org.springframework.dao.DataIntegrityViolationException: could not execute statement [ERROR: duplicate key value violates unique constraint "ukt8o6pivur7nn124jehx7cygw5"
  Detail: Key (name)=(STAFF) already exists.] [insert into categories (code,created_by,created_date,deleted,description,display_name,is_system,modified_by,modified_date,name,id) values (?,?,?,?,?,?,?,?,?,?,?)]; SQL [insert into categories (code,created_by,created_date,deleted,description,display_name,is_system,modified_by,modified_date,name,id) values (?,?,?,?,?,?,?,?,?,?,?)]; constraint [ukt8o6pivur7nn124jehx7cygw5]
	at org.springframework.orm.jpa.vendor.HibernateJpaDialect.convertHibernateAccessException(HibernateJpaDialect.java:294)
	at org.springframework.orm.jpa.vendor.HibernateJpaDialect.convertHibernateAccessException(HibernateJpaDialect.java:256)
	at org.springframework.orm.jpa.vendor.HibernateJpaDialect.translateExceptionIfPossible(HibernateJpaDialect.java:241)
	at org.springframework.orm.jpa.AbstractEntityManagerFactoryBean.translateExceptionIfPossible(AbstractEntityManagerFactoryBean.java:560)
	at org.springframework.dao.support.ChainedPersistenceExceptionTranslator.translateExceptionIfPossible(ChainedPersistenceExceptionTranslator.java:61)
	at org.springframework.dao.support.DataAccessUtils.translateIfNecessary(DataAccessUtils.java:343)
	at org.springframework.dao.support.PersistenceExceptionTranslationInterceptor.invoke(PersistenceExceptionTranslationInterceptor.java:160)
	at org.springframework.aop.framework.ReflectiveMethodInvocation.proceed(ReflectiveMethodInvocation.java:184)
	at org.springframework.data.jpa.repository.support.CrudMethodMetadataPostProcessor$CrudMethodMetadataPopulatingMethodInterceptor.invoke(CrudMethodMetadataPostProcessor.java:165)
	at org.springframework.aop.framework.ReflectiveMethodInvocation.proceed(ReflectiveMethodInvocation.java:184)
	at org.springframework.aop.framework.JdkDynamicAopProxy.invoke(JdkDynamicAopProxy.java:223)
	at jdk.proxy2/jdk.proxy2.$Proxy205.saveAllAndFlush(Unknown Source)
	at com.tnh.baseware.core.configs.DataInitializer.initCategories(DataInitializer.java:92)
	at com.tnh.baseware.core.configs.DataInitializer.run(DataInitializer.java:47)
	at java.base/jdk.internal.reflect.DirectMethodHandleAccessor.invoke(DirectMethodHandleAccessor.java:103)
	at java.base/java.lang.reflect.Method.invoke(Method.java:580)
	at org.springframework.aop.support.AopUtils.invokeJoinpointUsingReflection(AopUtils.java:359)
	at org.springframework.aop.framework.ReflectiveMethodInvocation.invokeJoinpoint(ReflectiveMethodInvocation.java:196)
	at org.springframework.aop.framework.ReflectiveMethodInvocation.proceed(ReflectiveMethodInvocation.java:163)
	at org.springframework.transaction.interceptor.TransactionAspectSupport.invokeWithinTransaction(TransactionAspectSupport.java:380)
	at org.springframework.transaction.interceptor.TransactionInterceptor.invoke(TransactionInterceptor.java:119)
	at org.springframework.aop.framework.ReflectiveMethodInvocation.proceed(ReflectiveMethodInvocation.java:184)
	at org.springframework.aop.framework.CglibAopProxy$DynamicAdvisedInterceptor.intercept(CglibAopProxy.java:728)
	at com.tnh.baseware.core.configs.DataInitializer$$SpringCGLIB$$0.run(<generated>)
	at org.springframework.boot.SpringApplication.lambda$callRunner$5(SpringApplication.java:789)
	at org.springframework.util.function.ThrowingConsumer$1.acceptWithException(ThrowingConsumer.java:82)
	at org.springframework.util.function.ThrowingConsumer.accept(ThrowingConsumer.java:60)
	at org.springframework.util.function.ThrowingConsumer$1.accept(ThrowingConsumer.java:86)
	at org.springframework.boot.SpringApplication.callRunner(SpringApplication.java:797)
	at org.springframework.boot.SpringApplication.callRunner(SpringApplication.java:788)
	at org.springframework.boot.SpringApplication.lambda$callRunners$3(SpringApplication.java:773)
	at java.base/java.util.stream.ForEachOps$ForEachOp$OfRef.accept(ForEachOps.java:184)
	at java.base/java.util.stream.SortedOps$SizedRefSortingSink.end(SortedOps.java:357)
	at java.base/java.util.stream.AbstractPipeline.copyInto(AbstractPipeline.java:510)
	at java.base/java.util.stream.AbstractPipeline.wrapAndCopyInto(AbstractPipeline.java:499)
	at java.base/java.util.stream.ForEachOps$ForEachOp.evaluateSequential(ForEachOps.java:151)
	at java.base/java.util.stream.ForEachOps$ForEachOp$OfRef.evaluateSequential(ForEachOps.java:174)
	at java.base/java.util.stream.AbstractPipeline.evaluate(AbstractPipeline.java:234)
	at java.base/java.util.stream.ReferencePipeline.forEach(ReferencePipeline.java:596)
	at org.springframework.boot.SpringApplication.callRunners(SpringApplication.java:773)
	at org.springframework.boot.SpringApplication.run(SpringApplication.java:325)
	at com.tnh.baseware.core.BasewareCoreApplication.main(BasewareCoreApplication.java:39)
Caused by: org.hibernate.exception.ConstraintViolationException: could not execute statement [ERROR: duplicate key value violates unique constraint "ukt8o6pivur7nn124jehx7cygw5"
  Detail: Key (name)=(STAFF) already exists.] [insert into categories (code,created_by,created_date,deleted,description,display_name,is_system,modified_by,modified_date,name,id) values (?,?,?,?,?,?,?,?,?,?,?)]
	at org.hibernate.exception.internal.SQLStateConversionDelegate.convert(SQLStateConversionDelegate.java:97)
	at org.hibernate.exception.internal.StandardSQLExceptionConverter.convert(StandardSQLExceptionConverter.java:58)
	at org.hibernate.engine.jdbc.spi.SqlExceptionHelper.convert(SqlExceptionHelper.java:108)
	at org.hibernate.engine.jdbc.internal.ResultSetReturnImpl.executeUpdate(ResultSetReturnImpl.java:197)
	at org.hibernate.engine.jdbc.mutation.internal.AbstractMutationExecutor.performNonBatchedMutation(AbstractMutationExecutor.java:134)
	at org.hibernate.engine.jdbc.mutation.internal.MutationExecutorSingleNonBatched.performNonBatchedOperations(MutationExecutorSingleNonBatched.java:55)
	at org.hibernate.engine.jdbc.mutation.internal.AbstractMutationExecutor.execute(AbstractMutationExecutor.java:55)
	at org.hibernate.persister.entity.mutation.InsertCoordinatorStandard.doStaticInserts(InsertCoordinatorStandard.java:194)
	at org.hibernate.persister.entity.mutation.InsertCoordinatorStandard.coordinateInsert(InsertCoordinatorStandard.java:132)
	at org.hibernate.persister.entity.mutation.InsertCoordinatorStandard.insert(InsertCoordinatorStandard.java:104)
	at org.hibernate.action.internal.EntityInsertAction.execute(EntityInsertAction.java:110)
	at org.hibernate.engine.spi.ActionQueue.executeActions(ActionQueue.java:644)
	at org.hibernate.engine.spi.ActionQueue.executeActions(ActionQueue.java:511)
	at org.hibernate.event.internal.AbstractFlushingEventListener.performExecutions(AbstractFlushingEventListener.java:414)
	at org.hibernate.event.internal.DefaultFlushEventListener.onFlush(DefaultFlushEventListener.java:41)
	at org.hibernate.event.service.internal.EventListenerGroupImpl.fireEventOnEachListener(EventListenerGroupImpl.java:127)
	at org.hibernate.internal.SessionImpl.doFlush(SessionImpl.java:1429)
	at org.hibernate.internal.SessionImpl.flush(SessionImpl.java:1415)
	at java.base/jdk.internal.reflect.DirectMethodHandleAccessor.invoke(DirectMethodHandleAccessor.java:103)
	at java.base/java.lang.reflect.Method.invoke(Method.java:580)
	at org.springframework.orm.jpa.SharedEntityManagerCreator$SharedEntityManagerInvocationHandler.invoke(SharedEntityManagerCreator.java:320)
	at jdk.proxy2/jdk.proxy2.$Proxy193.flush(Unknown Source)
	at org.springframework.data.jpa.repository.support.SimpleJpaRepository.flush(SimpleJpaRepository.java:681)
	at org.springframework.data.jpa.repository.support.SimpleJpaRepository.saveAllAndFlush(SimpleJpaRepository.java:673)
	at java.base/jdk.internal.reflect.DirectMethodHandleAccessor.invoke(DirectMethodHandleAccessor.java:103)
	at java.base/java.lang.reflect.Method.invoke(Method.java:580)
	at org.springframework.aop.support.AopUtils.invokeJoinpointUsingReflection(AopUtils.java:359)
	at org.springframework.data.repository.core.support.RepositoryMethodInvoker$RepositoryFragmentMethodInvoker.lambda$new$0(RepositoryMethodInvoker.java:277)
	at org.springframework.data.repository.core.support.RepositoryMethodInvoker.doInvoke(RepositoryMethodInvoker.java:170)
	at org.springframework.data.repository.core.support.RepositoryMethodInvoker.invoke(RepositoryMethodInvoker.java:158)
	at org.springframework.data.repository.core.support.RepositoryComposition$RepositoryFragments.invoke(RepositoryComposition.java:515)
	at org.springframework.data.repository.core.support.RepositoryComposition.invoke(RepositoryComposition.java:284)
	at org.springframework.data.repository.core.support.RepositoryFactorySupport$ImplementationMethodExecutionInterceptor.invoke(RepositoryFactorySupport.java:731)
	at org.springframework.aop.framework.ReflectiveMethodInvocation.proceed(ReflectiveMethodInvocation.java:184)
	at org.springframework.data.repository.core.support.QueryExecutorMethodInterceptor.doInvoke(QueryExecutorMethodInterceptor.java:174)
	at org.springframework.data.repository.core.support.QueryExecutorMethodInterceptor.invoke(QueryExecutorMethodInterceptor.java:149)
	at org.springframework.aop.framework.ReflectiveMethodInvocation.proceed(ReflectiveMethodInvocation.java:184)
	at org.springframework.data.projection.DefaultMethodInvokingMethodInterceptor.invoke(DefaultMethodInvokingMethodInterceptor.java:69)
	at org.springframework.aop.framework.ReflectiveMethodInvocation.proceed(ReflectiveMethodInvocation.java:184)
	at org.springframework.transaction.interceptor.TransactionAspectSupport.invokeWithinTransaction(TransactionAspectSupport.java:380)
	at org.springframework.transaction.interceptor.TransactionInterceptor.invoke(TransactionInterceptor.java:119)
	at org.springframework.aop.framework.ReflectiveMethodInvocation.proceed(ReflectiveMethodInvocation.java:184)
	at org.springframework.dao.support.PersistenceExceptionTranslationInterceptor.invoke(PersistenceExceptionTranslationInterceptor.java:138)
	... 35 common frames omitted
Caused by: org.postgresql.util.PSQLException: ERROR: duplicate key value violates unique constraint "ukt8o6pivur7nn124jehx7cygw5"
  Detail: Key (name)=(STAFF) already exists.
	at org.postgresql.core.v3.QueryExecutorImpl.receiveErrorResponse(QueryExecutorImpl.java:2733)
	at org.postgresql.core.v3.QueryExecutorImpl.processResults(QueryExecutorImpl.java:2420)
	at org.postgresql.core.v3.QueryExecutorImpl.execute(QueryExecutorImpl.java:372)
	at org.postgresql.jdbc.PgStatement.executeInternal(PgStatement.java:517)
	at org.postgresql.jdbc.PgStatement.execute(PgStatement.java:434)
	at org.postgresql.jdbc.PgPreparedStatement.executeWithFlags(PgPreparedStatement.java:194)
	at org.postgresql.jdbc.PgPreparedStatement.executeUpdate(PgPreparedStatement.java:155)
	at com.zaxxer.hikari.pool.ProxyPreparedStatement.executeUpdate(ProxyPreparedStatement.java:61)
	at com.zaxxer.hikari.pool.HikariProxyPreparedStatement.executeUpdate(HikariProxyPreparedStatement.java)
	at org.hibernate.engine.jdbc.internal.ResultSetReturnImpl.executeUpdate(ResultSetReturnImpl.java:194)
	... 74 common frames omitted
31-12-2025 11:36:41.501 [main] INFO  o.s.b.w.e.tomcat.GracefulShutdown.shutDownGracefully - Commencing graceful shutdown. Waiting for active requests to complete
31-12-2025 11:36:41.502 [tomcat-shutdown] INFO  o.s.b.w.e.tomcat.GracefulShutdown.doShutdown - Graceful shutdown complete
31-12-2025 11:36:43.579 [main] INFO  c.t.b.c.configs.AsyncConfiguration.shutdownExecutor - ✅ Shutting down Async Executor...
31-12-2025 11:36:43.579 [main] INFO  c.t.b.c.configs.AsyncConfiguration.shutdownExecutor - ✅ Async Executor shutdown completed
31-12-2025 11:36:43.583 [main] INFO  com.zaxxer.hikari.HikariDataSource.close - HikariPool-1 - Shutdown initiated...
31-12-2025 11:36:43.585 [main] INFO  com.zaxxer.hikari.HikariDataSource.close - HikariPool-1 - Shutdown completed.
31-12-2025 11:38:32.805 [main] INFO  c.t.b.core.BasewareCoreApplication.logStarting - Starting BasewareCoreApplication using Java 21.0.5 with PID 36868 (D:\VNPTProject\workdesk-backend\target\classes started by Tan Nga in D:\VNPTProject\workdesk-backend)
31-12-2025 11:38:32.807 [main] INFO  c.t.b.core.BasewareCoreApplication.logStartupProfileInfo - The following 5 profiles are active: "init", "tls", "uribypass", "openapi", "dev"
31-12-2025 11:38:35.072 [main] INFO  o.s.b.w.e.tomcat.TomcatWebServer.initialize - Tomcat initialized with port 9999 (http)
31-12-2025 11:38:35.081 [main] INFO  o.a.catalina.core.StandardService.log - Starting service [Tomcat]
31-12-2025 11:38:35.081 [main] INFO  o.a.catalina.core.StandardEngine.log - Starting Servlet engine: [Apache Tomcat/10.1.40]
31-12-2025 11:38:35.154 [main] INFO  o.a.c.c.C.[Tomcat].[localhost].[/].log - Initializing Spring embedded WebApplicationContext
31-12-2025 11:38:35.155 [main] INFO  o.s.b.w.s.c.ServletWebServerApplicationContext.prepareWebApplicationContext - Root WebApplicationContext: initialization completed in 2296 ms
31-12-2025 11:38:35.454 [main] INFO  c.t.b.c.configs.CacheConfiguration.redisConnectionFactory - ✅ Configuring Redis connection to localhost:6379 with no authentication
31-12-2025 11:38:35.788 [main] INFO  c.t.b.c.configs.CustomNamingStrategy.init - ✅ Custom naming strategy initialized with development profile (prefix: '')
31-12-2025 11:38:36.005 [main] WARN  com.zaxxer.hikari.HikariConfig.validateNumerics - HikariPool-1 - idleTimeout has been set but has no effect because the pool is operating as a fixed size pool.
31-12-2025 11:38:36.006 [main] INFO  com.zaxxer.hikari.HikariDataSource.getConnection - HikariPool-1 - Starting...
31-12-2025 11:38:36.148 [main] INFO  com.zaxxer.hikari.pool.HikariPool.checkFailFast - HikariPool-1 - Added connection org.postgresql.jdbc.PgConnection@2c914364
31-12-2025 11:38:36.149 [main] INFO  com.zaxxer.hikari.HikariDataSource.getConnection - HikariPool-1 - Start completed.
31-12-2025 11:38:38.863 [main] INFO  o.s.d.j.r.query.QueryEnhancerFactory.<clinit> - Hibernate is in classpath; If applicable, HQL parser will be used.
31-12-2025 11:38:39.669 [main] INFO  c.t.b.core.components.EnumRegistry.initializeEnumRegistry - Initializing Enum Registry...
31-12-2025 11:38:39.680 [main] INFO  c.t.b.core.components.EnumRegistry.scanAndCacheEnums - Successfully cached 30 enums
31-12-2025 11:38:39.680 [main] INFO  c.t.b.core.components.EnumRegistry.initializeEnumRegistry - Enum Registry initialized with 30 enums: [CategoryCode, Operator, OrganizationLevel, TaskPriority, AlertSeverity, TaskAction, TitleDefault, DocumentFileType, SpringProfile, AlertTargetType, ZoneType, TokenType, ProjectAction, ExternalSource, TaskType, TaskDocumentRelationType, DocumentType, InboundStatus, AlertSource, TaskStatus, DocumentStatus, AlertChannel, ProjectStatus, TaskName, AgentRole, ProjectType, LogActionType, MemberStatus, UserType, TaskDependencyType]
31-12-2025 11:38:41.565 [main] INFO  o.s.s.c.a.a.c.InitializeAuthenticationProviderBeanManagerConfigurer$InitializeAuthenticationProviderManagerConfigurer.configure - Global AuthenticationManager configured with AuthenticationProvider bean with name customAuthenticationProvider
31-12-2025 11:38:41.804 [main] INFO  c.t.b.c.configs.AsyncConfiguration.executor - ✅ Async Executor initialized with corePoolSize=10, maxPoolSize=50, queueCapacity=100
31-12-2025 11:38:42.621 [main] INFO  c.t.b.c.c.SecurityConfiguration.securityFilterChain - ✅ Security filter chain configured successfully
31-12-2025 11:38:43.660 [main] INFO  o.s.b.w.e.tomcat.TomcatWebServer.start - Tomcat started on port 9999 (http) with context path '/'
31-12-2025 11:38:43.671 [main] INFO  c.t.b.core.BasewareCoreApplication.logStarted - Started BasewareCoreApplication in 11.464 seconds (process running for 12.216)
31-12-2025 11:38:43.680 [main] INFO  c.t.b.core.configs.DataInitializer.initRoles - Initializing roles...
31-12-2025 11:38:43.743 [main] INFO  c.t.b.core.configs.DataInitializer.initCategories - Initializing categories...
31-12-2025 11:38:43.806 [main] WARN  o.h.e.jdbc.spi.SqlExceptionHelper.logExceptions - SQL Error: 0, SQLState: 23505
31-12-2025 11:38:43.807 [main] ERROR o.h.e.jdbc.spi.SqlExceptionHelper.logExceptions - ERROR: duplicate key value violates unique constraint "ukt8o6pivur7nn124jehx7cygw5"
  Detail: Key (name)=(STAFF) already exists.
31-12-2025 11:38:43.817 [main] INFO  o.s.b.a.l.ConditionEvaluationReportLogger.logMessage - 

Error starting ApplicationContext. To display the condition evaluation report re-run your application with 'debug' enabled.
31-12-2025 11:38:43.830 [main] ERROR o.s.boot.SpringApplication.reportFailure - Application run failed
org.springframework.dao.DataIntegrityViolationException: could not execute statement [ERROR: duplicate key value violates unique constraint "ukt8o6pivur7nn124jehx7cygw5"
  Detail: Key (name)=(STAFF) already exists.] [insert into categories (code,created_by,created_date,deleted,description,display_name,is_system,modified_by,modified_date,name,id) values (?,?,?,?,?,?,?,?,?,?,?)]; SQL [insert into categories (code,created_by,created_date,deleted,description,display_name,is_system,modified_by,modified_date,name,id) values (?,?,?,?,?,?,?,?,?,?,?)]; constraint [ukt8o6pivur7nn124jehx7cygw5]
	at org.springframework.orm.jpa.vendor.HibernateJpaDialect.convertHibernateAccessException(HibernateJpaDialect.java:294)
	at org.springframework.orm.jpa.vendor.HibernateJpaDialect.convertHibernateAccessException(HibernateJpaDialect.java:256)
	at org.springframework.orm.jpa.vendor.HibernateJpaDialect.translateExceptionIfPossible(HibernateJpaDialect.java:241)
	at org.springframework.orm.jpa.AbstractEntityManagerFactoryBean.translateExceptionIfPossible(AbstractEntityManagerFactoryBean.java:560)
	at org.springframework.dao.support.ChainedPersistenceExceptionTranslator.translateExceptionIfPossible(ChainedPersistenceExceptionTranslator.java:61)
	at org.springframework.dao.support.DataAccessUtils.translateIfNecessary(DataAccessUtils.java:343)
	at org.springframework.dao.support.PersistenceExceptionTranslationInterceptor.invoke(PersistenceExceptionTranslationInterceptor.java:160)
	at org.springframework.aop.framework.ReflectiveMethodInvocation.proceed(ReflectiveMethodInvocation.java:184)
	at org.springframework.data.jpa.repository.support.CrudMethodMetadataPostProcessor$CrudMethodMetadataPopulatingMethodInterceptor.invoke(CrudMethodMetadataPostProcessor.java:165)
	at org.springframework.aop.framework.ReflectiveMethodInvocation.proceed(ReflectiveMethodInvocation.java:184)
	at org.springframework.aop.framework.JdkDynamicAopProxy.invoke(JdkDynamicAopProxy.java:223)
	at jdk.proxy2/jdk.proxy2.$Proxy205.saveAllAndFlush(Unknown Source)
	at com.tnh.baseware.core.configs.DataInitializer.initCategories(DataInitializer.java:94)
	at com.tnh.baseware.core.configs.DataInitializer.run(DataInitializer.java:47)
	at java.base/jdk.internal.reflect.DirectMethodHandleAccessor.invoke(DirectMethodHandleAccessor.java:103)
	at java.base/java.lang.reflect.Method.invoke(Method.java:580)
	at org.springframework.aop.support.AopUtils.invokeJoinpointUsingReflection(AopUtils.java:359)
	at org.springframework.aop.framework.ReflectiveMethodInvocation.invokeJoinpoint(ReflectiveMethodInvocation.java:196)
	at org.springframework.aop.framework.ReflectiveMethodInvocation.proceed(ReflectiveMethodInvocation.java:163)
	at org.springframework.transaction.interceptor.TransactionAspectSupport.invokeWithinTransaction(TransactionAspectSupport.java:380)
	at org.springframework.transaction.interceptor.TransactionInterceptor.invoke(TransactionInterceptor.java:119)
	at org.springframework.aop.framework.ReflectiveMethodInvocation.proceed(ReflectiveMethodInvocation.java:184)
	at org.springframework.aop.framework.CglibAopProxy$DynamicAdvisedInterceptor.intercept(CglibAopProxy.java:728)
	at com.tnh.baseware.core.configs.DataInitializer$$SpringCGLIB$$0.run(<generated>)
	at org.springframework.boot.SpringApplication.lambda$callRunner$5(SpringApplication.java:789)
	at org.springframework.util.function.ThrowingConsumer$1.acceptWithException(ThrowingConsumer.java:82)
	at org.springframework.util.function.ThrowingConsumer.accept(ThrowingConsumer.java:60)
	at org.springframework.util.function.ThrowingConsumer$1.accept(ThrowingConsumer.java:86)
	at org.springframework.boot.SpringApplication.callRunner(SpringApplication.java:797)
	at org.springframework.boot.SpringApplication.callRunner(SpringApplication.java:788)
	at org.springframework.boot.SpringApplication.lambda$callRunners$3(SpringApplication.java:773)
	at java.base/java.util.stream.ForEachOps$ForEachOp$OfRef.accept(ForEachOps.java:184)
	at java.base/java.util.stream.SortedOps$SizedRefSortingSink.end(SortedOps.java:357)
	at java.base/java.util.stream.AbstractPipeline.copyInto(AbstractPipeline.java:510)
	at java.base/java.util.stream.AbstractPipeline.wrapAndCopyInto(AbstractPipeline.java:499)
	at java.base/java.util.stream.ForEachOps$ForEachOp.evaluateSequential(ForEachOps.java:151)
	at java.base/java.util.stream.ForEachOps$ForEachOp$OfRef.evaluateSequential(ForEachOps.java:174)
	at java.base/java.util.stream.AbstractPipeline.evaluate(AbstractPipeline.java:234)
	at java.base/java.util.stream.ReferencePipeline.forEach(ReferencePipeline.java:596)
	at org.springframework.boot.SpringApplication.callRunners(SpringApplication.java:773)
	at org.springframework.boot.SpringApplication.run(SpringApplication.java:325)
	at com.tnh.baseware.core.BasewareCoreApplication.main(BasewareCoreApplication.java:39)
Caused by: org.hibernate.exception.ConstraintViolationException: could not execute statement [ERROR: duplicate key value violates unique constraint "ukt8o6pivur7nn124jehx7cygw5"
  Detail: Key (name)=(STAFF) already exists.] [insert into categories (code,created_by,created_date,deleted,description,display_name,is_system,modified_by,modified_date,name,id) values (?,?,?,?,?,?,?,?,?,?,?)]
	at org.hibernate.exception.internal.SQLStateConversionDelegate.convert(SQLStateConversionDelegate.java:97)
	at org.hibernate.exception.internal.StandardSQLExceptionConverter.convert(StandardSQLExceptionConverter.java:58)
	at org.hibernate.engine.jdbc.spi.SqlExceptionHelper.convert(SqlExceptionHelper.java:108)
	at org.hibernate.engine.jdbc.internal.ResultSetReturnImpl.executeUpdate(ResultSetReturnImpl.java:197)
	at org.hibernate.engine.jdbc.mutation.internal.AbstractMutationExecutor.performNonBatchedMutation(AbstractMutationExecutor.java:134)
	at org.hibernate.engine.jdbc.mutation.internal.MutationExecutorSingleNonBatched.performNonBatchedOperations(MutationExecutorSingleNonBatched.java:55)
	at org.hibernate.engine.jdbc.mutation.internal.AbstractMutationExecutor.execute(AbstractMutationExecutor.java:55)
	at org.hibernate.persister.entity.mutation.InsertCoordinatorStandard.doStaticInserts(InsertCoordinatorStandard.java:194)
	at org.hibernate.persister.entity.mutation.InsertCoordinatorStandard.coordinateInsert(InsertCoordinatorStandard.java:132)
	at org.hibernate.persister.entity.mutation.InsertCoordinatorStandard.insert(InsertCoordinatorStandard.java:104)
	at org.hibernate.action.internal.EntityInsertAction.execute(EntityInsertAction.java:110)
	at org.hibernate.engine.spi.ActionQueue.executeActions(ActionQueue.java:644)
	at org.hibernate.engine.spi.ActionQueue.executeActions(ActionQueue.java:511)
	at org.hibernate.event.internal.AbstractFlushingEventListener.performExecutions(AbstractFlushingEventListener.java:414)
	at org.hibernate.event.internal.DefaultFlushEventListener.onFlush(DefaultFlushEventListener.java:41)
	at org.hibernate.event.service.internal.EventListenerGroupImpl.fireEventOnEachListener(EventListenerGroupImpl.java:127)
	at org.hibernate.internal.SessionImpl.doFlush(SessionImpl.java:1429)
	at org.hibernate.internal.SessionImpl.flush(SessionImpl.java:1415)
	at java.base/jdk.internal.reflect.DirectMethodHandleAccessor.invoke(DirectMethodHandleAccessor.java:103)
	at java.base/java.lang.reflect.Method.invoke(Method.java:580)
	at org.springframework.orm.jpa.SharedEntityManagerCreator$SharedEntityManagerInvocationHandler.invoke(SharedEntityManagerCreator.java:320)
	at jdk.proxy2/jdk.proxy2.$Proxy193.flush(Unknown Source)
	at org.springframework.data.jpa.repository.support.SimpleJpaRepository.flush(SimpleJpaRepository.java:681)
	at org.springframework.data.jpa.repository.support.SimpleJpaRepository.saveAllAndFlush(SimpleJpaRepository.java:673)
	at java.base/jdk.internal.reflect.DirectMethodHandleAccessor.invoke(DirectMethodHandleAccessor.java:103)
	at java.base/java.lang.reflect.Method.invoke(Method.java:580)
	at org.springframework.aop.support.AopUtils.invokeJoinpointUsingReflection(AopUtils.java:359)
	at org.springframework.data.repository.core.support.RepositoryMethodInvoker$RepositoryFragmentMethodInvoker.lambda$new$0(RepositoryMethodInvoker.java:277)
	at org.springframework.data.repository.core.support.RepositoryMethodInvoker.doInvoke(RepositoryMethodInvoker.java:170)
	at org.springframework.data.repository.core.support.RepositoryMethodInvoker.invoke(RepositoryMethodInvoker.java:158)
	at org.springframework.data.repository.core.support.RepositoryComposition$RepositoryFragments.invoke(RepositoryComposition.java:515)
	at org.springframework.data.repository.core.support.RepositoryComposition.invoke(RepositoryComposition.java:284)
	at org.springframework.data.repository.core.support.RepositoryFactorySupport$ImplementationMethodExecutionInterceptor.invoke(RepositoryFactorySupport.java:731)
	at org.springframework.aop.framework.ReflectiveMethodInvocation.proceed(ReflectiveMethodInvocation.java:184)
	at org.springframework.data.repository.core.support.QueryExecutorMethodInterceptor.doInvoke(QueryExecutorMethodInterceptor.java:174)
	at org.springframework.data.repository.core.support.QueryExecutorMethodInterceptor.invoke(QueryExecutorMethodInterceptor.java:149)
	at org.springframework.aop.framework.ReflectiveMethodInvocation.proceed(ReflectiveMethodInvocation.java:184)
	at org.springframework.data.projection.DefaultMethodInvokingMethodInterceptor.invoke(DefaultMethodInvokingMethodInterceptor.java:69)
	at org.springframework.aop.framework.ReflectiveMethodInvocation.proceed(ReflectiveMethodInvocation.java:184)
	at org.springframework.transaction.interceptor.TransactionAspectSupport.invokeWithinTransaction(TransactionAspectSupport.java:380)
	at org.springframework.transaction.interceptor.TransactionInterceptor.invoke(TransactionInterceptor.java:119)
	at org.springframework.aop.framework.ReflectiveMethodInvocation.proceed(ReflectiveMethodInvocation.java:184)
	at org.springframework.dao.support.PersistenceExceptionTranslationInterceptor.invoke(PersistenceExceptionTranslationInterceptor.java:138)
	... 35 common frames omitted
Caused by: org.postgresql.util.PSQLException: ERROR: duplicate key value violates unique constraint "ukt8o6pivur7nn124jehx7cygw5"
  Detail: Key (name)=(STAFF) already exists.
	at org.postgresql.core.v3.QueryExecutorImpl.receiveErrorResponse(QueryExecutorImpl.java:2733)
	at org.postgresql.core.v3.QueryExecutorImpl.processResults(QueryExecutorImpl.java:2420)
	at org.postgresql.core.v3.QueryExecutorImpl.execute(QueryExecutorImpl.java:372)
	at org.postgresql.jdbc.PgStatement.executeInternal(PgStatement.java:517)
	at org.postgresql.jdbc.PgStatement.execute(PgStatement.java:434)
	at org.postgresql.jdbc.PgPreparedStatement.executeWithFlags(PgPreparedStatement.java:194)
	at org.postgresql.jdbc.PgPreparedStatement.executeUpdate(PgPreparedStatement.java:155)
	at com.zaxxer.hikari.pool.ProxyPreparedStatement.executeUpdate(ProxyPreparedStatement.java:61)
	at com.zaxxer.hikari.pool.HikariProxyPreparedStatement.executeUpdate(HikariProxyPreparedStatement.java)
	at org.hibernate.engine.jdbc.internal.ResultSetReturnImpl.executeUpdate(ResultSetReturnImpl.java:194)
	... 74 common frames omitted
31-12-2025 11:38:43.834 [main] INFO  o.s.b.w.e.tomcat.GracefulShutdown.shutDownGracefully - Commencing graceful shutdown. Waiting for active requests to complete
31-12-2025 11:38:43.836 [tomcat-shutdown] INFO  o.s.b.w.e.tomcat.GracefulShutdown.doShutdown - Graceful shutdown complete
31-12-2025 11:38:45.933 [main] INFO  c.t.b.c.configs.AsyncConfiguration.shutdownExecutor - ✅ Shutting down Async Executor...
31-12-2025 11:38:45.933 [main] INFO  c.t.b.c.configs.AsyncConfiguration.shutdownExecutor - ✅ Async Executor shutdown completed
31-12-2025 11:38:45.937 [main] INFO  com.zaxxer.hikari.HikariDataSource.close - HikariPool-1 - Shutdown initiated...
31-12-2025 11:38:45.938 [main] INFO  com.zaxxer.hikari.HikariDataSource.close - HikariPool-1 - Shutdown completed.
31-12-2025 11:41:50.297 [main] INFO  c.t.b.core.BasewareCoreApplication.logStarting - Starting BasewareCoreApplication using Java 21.0.5 with PID 5672 (D:\VNPTProject\workdesk-backend\target\classes started by Tan Nga in D:\VNPTProject\workdesk-backend)
31-12-2025 11:41:50.298 [main] INFO  c.t.b.core.BasewareCoreApplication.logStartupProfileInfo - The following 5 profiles are active: "init", "tls", "uribypass", "openapi", "dev"
31-12-2025 11:41:53.084 [main] INFO  o.s.b.w.e.tomcat.TomcatWebServer.initialize - Tomcat initialized with port 9999 (http)
31-12-2025 11:41:53.096 [main] INFO  o.a.catalina.core.StandardService.log - Starting service [Tomcat]
31-12-2025 11:41:53.096 [main] INFO  o.a.catalina.core.StandardEngine.log - Starting Servlet engine: [Apache Tomcat/10.1.40]
31-12-2025 11:41:53.191 [main] INFO  o.a.c.c.C.[Tomcat].[localhost].[/].log - Initializing Spring embedded WebApplicationContext
31-12-2025 11:41:53.192 [main] INFO  o.s.b.w.s.c.ServletWebServerApplicationContext.prepareWebApplicationContext - Root WebApplicationContext: initialization completed in 2849 ms
31-12-2025 11:41:53.596 [main] INFO  c.t.b.c.configs.CacheConfiguration.redisConnectionFactory - ✅ Configuring Redis connection to localhost:6379 with no authentication
31-12-2025 11:41:54.045 [main] INFO  c.t.b.c.configs.CustomNamingStrategy.init - ✅ Custom naming strategy initialized with development profile (prefix: '')
31-12-2025 11:41:54.415 [main] WARN  com.zaxxer.hikari.HikariConfig.validateNumerics - HikariPool-1 - idleTimeout has been set but has no effect because the pool is operating as a fixed size pool.
31-12-2025 11:41:54.415 [main] INFO  com.zaxxer.hikari.HikariDataSource.getConnection - HikariPool-1 - Starting...
31-12-2025 11:41:54.613 [main] INFO  com.zaxxer.hikari.pool.HikariPool.checkFailFast - HikariPool-1 - Added connection org.postgresql.jdbc.PgConnection@3ed4c822
31-12-2025 11:41:54.616 [main] INFO  com.zaxxer.hikari.HikariDataSource.getConnection - HikariPool-1 - Start completed.
31-12-2025 11:41:57.969 [main] INFO  o.s.d.j.r.query.QueryEnhancerFactory.<clinit> - Hibernate is in classpath; If applicable, HQL parser will be used.
31-12-2025 11:41:59.212 [main] INFO  c.t.b.core.components.EnumRegistry.initializeEnumRegistry - Initializing Enum Registry...
31-12-2025 11:41:59.233 [main] INFO  c.t.b.core.components.EnumRegistry.scanAndCacheEnums - Successfully cached 30 enums
31-12-2025 11:41:59.234 [main] INFO  c.t.b.core.components.EnumRegistry.initializeEnumRegistry - Enum Registry initialized with 30 enums: [CategoryCode, Operator, OrganizationLevel, TaskPriority, AlertSeverity, TaskAction, TitleDefault, DocumentFileType, SpringProfile, AlertTargetType, ZoneType, TokenType, ProjectAction, ExternalSource, TaskType, TaskDocumentRelationType, DocumentType, InboundStatus, AlertSource, TaskStatus, DocumentStatus, AlertChannel, ProjectStatus, TaskName, AgentRole, ProjectType, LogActionType, MemberStatus, UserType, TaskDependencyType]
31-12-2025 11:42:02.227 [main] INFO  o.s.s.c.a.a.c.InitializeAuthenticationProviderBeanManagerConfigurer$InitializeAuthenticationProviderManagerConfigurer.configure - Global AuthenticationManager configured with AuthenticationProvider bean with name customAuthenticationProvider
31-12-2025 11:42:02.577 [main] INFO  c.t.b.c.configs.AsyncConfiguration.executor - ✅ Async Executor initialized with corePoolSize=10, maxPoolSize=50, queueCapacity=100
31-12-2025 11:42:03.637 [main] INFO  c.t.b.c.c.SecurityConfiguration.securityFilterChain - ✅ Security filter chain configured successfully
31-12-2025 11:42:05.137 [main] INFO  o.s.b.w.e.tomcat.TomcatWebServer.start - Tomcat started on port 9999 (http) with context path '/'
31-12-2025 11:42:05.151 [main] INFO  c.t.b.core.BasewareCoreApplication.logStarted - Started BasewareCoreApplication in 15.617 seconds (process running for 16.927)
31-12-2025 11:42:05.157 [main] INFO  c.t.b.core.configs.DataInitializer.initRoles - Initializing roles...
31-12-2025 11:42:05.283 [main] INFO  c.t.b.core.configs.DataInitializer.initCategories - Initializing categories...
31-12-2025 11:42:05.374 [main] WARN  o.h.e.jdbc.spi.SqlExceptionHelper.logExceptions - SQL Error: 0, SQLState: 23505
31-12-2025 11:42:05.374 [main] ERROR o.h.e.jdbc.spi.SqlExceptionHelper.logExceptions - ERROR: duplicate key value violates unique constraint "ukt8o6pivur7nn124jehx7cygw5"
  Detail: Key (name)=(STAFF) already exists.
31-12-2025 11:42:05.383 [main] INFO  o.s.b.a.l.ConditionEvaluationReportLogger.logMessage - 

Error starting ApplicationContext. To display the condition evaluation report re-run your application with 'debug' enabled.
31-12-2025 11:42:05.410 [main] ERROR o.s.boot.SpringApplication.reportFailure - Application run failed
org.springframework.dao.DataIntegrityViolationException: could not execute statement [ERROR: duplicate key value violates unique constraint "ukt8o6pivur7nn124jehx7cygw5"
  Detail: Key (name)=(STAFF) already exists.] [insert into categories (code,created_by,created_date,deleted,description,display_name,is_system,modified_by,modified_date,name,id) values (?,?,?,?,?,?,?,?,?,?,?)]; SQL [insert into categories (code,created_by,created_date,deleted,description,display_name,is_system,modified_by,modified_date,name,id) values (?,?,?,?,?,?,?,?,?,?,?)]; constraint [ukt8o6pivur7nn124jehx7cygw5]
	at org.springframework.orm.jpa.vendor.HibernateJpaDialect.convertHibernateAccessException(HibernateJpaDialect.java:294)
	at org.springframework.orm.jpa.vendor.HibernateJpaDialect.convertHibernateAccessException(HibernateJpaDialect.java:256)
	at org.springframework.orm.jpa.vendor.HibernateJpaDialect.translateExceptionIfPossible(HibernateJpaDialect.java:241)
	at org.springframework.orm.jpa.AbstractEntityManagerFactoryBean.translateExceptionIfPossible(AbstractEntityManagerFactoryBean.java:560)
	at org.springframework.dao.support.ChainedPersistenceExceptionTranslator.translateExceptionIfPossible(ChainedPersistenceExceptionTranslator.java:61)
	at org.springframework.dao.support.DataAccessUtils.translateIfNecessary(DataAccessUtils.java:343)
	at org.springframework.dao.support.PersistenceExceptionTranslationInterceptor.invoke(PersistenceExceptionTranslationInterceptor.java:160)
	at org.springframework.aop.framework.ReflectiveMethodInvocation.proceed(ReflectiveMethodInvocation.java:184)
	at org.springframework.data.jpa.repository.support.CrudMethodMetadataPostProcessor$CrudMethodMetadataPopulatingMethodInterceptor.invoke(CrudMethodMetadataPostProcessor.java:165)
	at org.springframework.aop.framework.ReflectiveMethodInvocation.proceed(ReflectiveMethodInvocation.java:184)
	at org.springframework.aop.framework.JdkDynamicAopProxy.invoke(JdkDynamicAopProxy.java:223)
	at jdk.proxy2/jdk.proxy2.$Proxy205.saveAllAndFlush(Unknown Source)
	at com.tnh.baseware.core.configs.DataInitializer.initCategories(DataInitializer.java:96)
	at com.tnh.baseware.core.configs.DataInitializer.run(DataInitializer.java:47)
	at java.base/jdk.internal.reflect.DirectMethodHandleAccessor.invoke(DirectMethodHandleAccessor.java:103)
	at java.base/java.lang.reflect.Method.invoke(Method.java:580)
	at org.springframework.aop.support.AopUtils.invokeJoinpointUsingReflection(AopUtils.java:359)
	at org.springframework.aop.framework.ReflectiveMethodInvocation.invokeJoinpoint(ReflectiveMethodInvocation.java:196)
	at org.springframework.aop.framework.ReflectiveMethodInvocation.proceed(ReflectiveMethodInvocation.java:163)
	at org.springframework.transaction.interceptor.TransactionAspectSupport.invokeWithinTransaction(TransactionAspectSupport.java:380)
	at org.springframework.transaction.interceptor.TransactionInterceptor.invoke(TransactionInterceptor.java:119)
	at org.springframework.aop.framework.ReflectiveMethodInvocation.proceed(ReflectiveMethodInvocation.java:184)
	at org.springframework.aop.framework.CglibAopProxy$DynamicAdvisedInterceptor.intercept(CglibAopProxy.java:728)
	at com.tnh.baseware.core.configs.DataInitializer$$SpringCGLIB$$0.run(<generated>)
	at org.springframework.boot.SpringApplication.lambda$callRunner$5(SpringApplication.java:789)
	at org.springframework.util.function.ThrowingConsumer$1.acceptWithException(ThrowingConsumer.java:82)
	at org.springframework.util.function.ThrowingConsumer.accept(ThrowingConsumer.java:60)
	at org.springframework.util.function.ThrowingConsumer$1.accept(ThrowingConsumer.java:86)
	at org.springframework.boot.SpringApplication.callRunner(SpringApplication.java:797)
	at org.springframework.boot.SpringApplication.callRunner(SpringApplication.java:788)
	at org.springframework.boot.SpringApplication.lambda$callRunners$3(SpringApplication.java:773)
	at java.base/java.util.stream.ForEachOps$ForEachOp$OfRef.accept(ForEachOps.java:184)
	at java.base/java.util.stream.SortedOps$SizedRefSortingSink.end(SortedOps.java:357)
	at java.base/java.util.stream.AbstractPipeline.copyInto(AbstractPipeline.java:510)
	at java.base/java.util.stream.AbstractPipeline.wrapAndCopyInto(AbstractPipeline.java:499)
	at java.base/java.util.stream.ForEachOps$ForEachOp.evaluateSequential(ForEachOps.java:151)
	at java.base/java.util.stream.ForEachOps$ForEachOp$OfRef.evaluateSequential(ForEachOps.java:174)
	at java.base/java.util.stream.AbstractPipeline.evaluate(AbstractPipeline.java:234)
	at java.base/java.util.stream.ReferencePipeline.forEach(ReferencePipeline.java:596)
	at org.springframework.boot.SpringApplication.callRunners(SpringApplication.java:773)
	at org.springframework.boot.SpringApplication.run(SpringApplication.java:325)
	at com.tnh.baseware.core.BasewareCoreApplication.main(BasewareCoreApplication.java:39)
Caused by: org.hibernate.exception.ConstraintViolationException: could not execute statement [ERROR: duplicate key value violates unique constraint "ukt8o6pivur7nn124jehx7cygw5"
  Detail: Key (name)=(STAFF) already exists.] [insert into categories (code,created_by,created_date,deleted,description,display_name,is_system,modified_by,modified_date,name,id) values (?,?,?,?,?,?,?,?,?,?,?)]
	at org.hibernate.exception.internal.SQLStateConversionDelegate.convert(SQLStateConversionDelegate.java:97)
	at org.hibernate.exception.internal.StandardSQLExceptionConverter.convert(StandardSQLExceptionConverter.java:58)
	at org.hibernate.engine.jdbc.spi.SqlExceptionHelper.convert(SqlExceptionHelper.java:108)
	at org.hibernate.engine.jdbc.internal.ResultSetReturnImpl.executeUpdate(ResultSetReturnImpl.java:197)
	at org.hibernate.engine.jdbc.mutation.internal.AbstractMutationExecutor.performNonBatchedMutation(AbstractMutationExecutor.java:134)
	at org.hibernate.engine.jdbc.mutation.internal.MutationExecutorSingleNonBatched.performNonBatchedOperations(MutationExecutorSingleNonBatched.java:55)
	at org.hibernate.engine.jdbc.mutation.internal.AbstractMutationExecutor.execute(AbstractMutationExecutor.java:55)
	at org.hibernate.persister.entity.mutation.InsertCoordinatorStandard.doStaticInserts(InsertCoordinatorStandard.java:194)
	at org.hibernate.persister.entity.mutation.InsertCoordinatorStandard.coordinateInsert(InsertCoordinatorStandard.java:132)
	at org.hibernate.persister.entity.mutation.InsertCoordinatorStandard.insert(InsertCoordinatorStandard.java:104)
	at org.hibernate.action.internal.EntityInsertAction.execute(EntityInsertAction.java:110)
	at org.hibernate.engine.spi.ActionQueue.executeActions(ActionQueue.java:644)
	at org.hibernate.engine.spi.ActionQueue.executeActions(ActionQueue.java:511)
	at org.hibernate.event.internal.AbstractFlushingEventListener.performExecutions(AbstractFlushingEventListener.java:414)
	at org.hibernate.event.internal.DefaultFlushEventListener.onFlush(DefaultFlushEventListener.java:41)
	at org.hibernate.event.service.internal.EventListenerGroupImpl.fireEventOnEachListener(EventListenerGroupImpl.java:127)
	at org.hibernate.internal.SessionImpl.doFlush(SessionImpl.java:1429)
	at org.hibernate.internal.SessionImpl.flush(SessionImpl.java:1415)
	at java.base/jdk.internal.reflect.DirectMethodHandleAccessor.invoke(DirectMethodHandleAccessor.java:103)
	at java.base/java.lang.reflect.Method.invoke(Method.java:580)
	at org.springframework.orm.jpa.SharedEntityManagerCreator$SharedEntityManagerInvocationHandler.invoke(SharedEntityManagerCreator.java:320)
	at jdk.proxy2/jdk.proxy2.$Proxy193.flush(Unknown Source)
	at org.springframework.data.jpa.repository.support.SimpleJpaRepository.flush(SimpleJpaRepository.java:681)
	at org.springframework.data.jpa.repository.support.SimpleJpaRepository.saveAllAndFlush(SimpleJpaRepository.java:673)
	at java.base/jdk.internal.reflect.DirectMethodHandleAccessor.invoke(DirectMethodHandleAccessor.java:103)
	at java.base/java.lang.reflect.Method.invoke(Method.java:580)
	at org.springframework.aop.support.AopUtils.invokeJoinpointUsingReflection(AopUtils.java:359)
	at org.springframework.data.repository.core.support.RepositoryMethodInvoker$RepositoryFragmentMethodInvoker.lambda$new$0(RepositoryMethodInvoker.java:277)
	at org.springframework.data.repository.core.support.RepositoryMethodInvoker.doInvoke(RepositoryMethodInvoker.java:170)
	at org.springframework.data.repository.core.support.RepositoryMethodInvoker.invoke(RepositoryMethodInvoker.java:158)
	at org.springframework.data.repository.core.support.RepositoryComposition$RepositoryFragments.invoke(RepositoryComposition.java:515)
	at org.springframework.data.repository.core.support.RepositoryComposition.invoke(RepositoryComposition.java:284)
	at org.springframework.data.repository.core.support.RepositoryFactorySupport$ImplementationMethodExecutionInterceptor.invoke(RepositoryFactorySupport.java:731)
	at org.springframework.aop.framework.ReflectiveMethodInvocation.proceed(ReflectiveMethodInvocation.java:184)
	at org.springframework.data.repository.core.support.QueryExecutorMethodInterceptor.doInvoke(QueryExecutorMethodInterceptor.java:174)
	at org.springframework.data.repository.core.support.QueryExecutorMethodInterceptor.invoke(QueryExecutorMethodInterceptor.java:149)
	at org.springframework.aop.framework.ReflectiveMethodInvocation.proceed(ReflectiveMethodInvocation.java:184)
	at org.springframework.data.projection.DefaultMethodInvokingMethodInterceptor.invoke(DefaultMethodInvokingMethodInterceptor.java:69)
	at org.springframework.aop.framework.ReflectiveMethodInvocation.proceed(ReflectiveMethodInvocation.java:184)
	at org.springframework.transaction.interceptor.TransactionAspectSupport.invokeWithinTransaction(TransactionAspectSupport.java:380)
	at org.springframework.transaction.interceptor.TransactionInterceptor.invoke(TransactionInterceptor.java:119)
	at org.springframework.aop.framework.ReflectiveMethodInvocation.proceed(ReflectiveMethodInvocation.java:184)
	at org.springframework.dao.support.PersistenceExceptionTranslationInterceptor.invoke(PersistenceExceptionTranslationInterceptor.java:138)
	... 35 common frames omitted
Caused by: org.postgresql.util.PSQLException: ERROR: duplicate key value violates unique constraint "ukt8o6pivur7nn124jehx7cygw5"
  Detail: Key (name)=(STAFF) already exists.
	at org.postgresql.core.v3.QueryExecutorImpl.receiveErrorResponse(QueryExecutorImpl.java:2733)
	at org.postgresql.core.v3.QueryExecutorImpl.processResults(QueryExecutorImpl.java:2420)
	at org.postgresql.core.v3.QueryExecutorImpl.execute(QueryExecutorImpl.java:372)
	at org.postgresql.jdbc.PgStatement.executeInternal(PgStatement.java:517)
	at org.postgresql.jdbc.PgStatement.execute(PgStatement.java:434)
	at org.postgresql.jdbc.PgPreparedStatement.executeWithFlags(PgPreparedStatement.java:194)
	at org.postgresql.jdbc.PgPreparedStatement.executeUpdate(PgPreparedStatement.java:155)
	at com.zaxxer.hikari.pool.ProxyPreparedStatement.executeUpdate(ProxyPreparedStatement.java:61)
	at com.zaxxer.hikari.pool.HikariProxyPreparedStatement.executeUpdate(HikariProxyPreparedStatement.java)
	at org.hibernate.engine.jdbc.internal.ResultSetReturnImpl.executeUpdate(ResultSetReturnImpl.java:194)
	... 74 common frames omitted
31-12-2025 11:42:05.419 [main] INFO  o.s.b.w.e.tomcat.GracefulShutdown.shutDownGracefully - Commencing graceful shutdown. Waiting for active requests to complete
31-12-2025 11:42:05.421 [tomcat-shutdown] INFO  o.s.b.w.e.tomcat.GracefulShutdown.doShutdown - Graceful shutdown complete
31-12-2025 11:42:07.525 [main] INFO  c.t.b.c.configs.AsyncConfiguration.shutdownExecutor - ✅ Shutting down Async Executor...
31-12-2025 11:42:07.525 [main] INFO  c.t.b.c.configs.AsyncConfiguration.shutdownExecutor - ✅ Async Executor shutdown completed
31-12-2025 11:42:07.531 [main] INFO  com.zaxxer.hikari.HikariDataSource.close - HikariPool-1 - Shutdown initiated...
31-12-2025 11:42:07.533 [main] INFO  com.zaxxer.hikari.HikariDataSource.close - HikariPool-1 - Shutdown completed.
31-12-2025 11:46:54.505 [main] INFO  c.t.b.core.BasewareCoreApplication.logStarting - Starting BasewareCoreApplication using Java 21.0.5 with PID 18376 (D:\VNPTProject\workdesk-backend\target\classes started by Tan Nga in D:\VNPTProject\workdesk-backend)
31-12-2025 11:46:54.507 [main] INFO  c.t.b.core.BasewareCoreApplication.logStartupProfileInfo - The following 5 profiles are active: "init", "tls", "uribypass", "openapi", "dev"
31-12-2025 11:46:56.889 [main] INFO  o.s.b.w.e.tomcat.TomcatWebServer.initialize - Tomcat initialized with port 9999 (http)
31-12-2025 11:46:56.897 [main] INFO  o.a.catalina.core.StandardService.log - Starting service [Tomcat]
31-12-2025 11:46:56.898 [main] INFO  o.a.catalina.core.StandardEngine.log - Starting Servlet engine: [Apache Tomcat/10.1.40]
31-12-2025 11:46:56.972 [main] INFO  o.a.c.c.C.[Tomcat].[localhost].[/].log - Initializing Spring embedded WebApplicationContext
31-12-2025 11:46:56.972 [main] INFO  o.s.b.w.s.c.ServletWebServerApplicationContext.prepareWebApplicationContext - Root WebApplicationContext: initialization completed in 2428 ms
31-12-2025 11:46:57.249 [main] INFO  c.t.b.c.configs.CacheConfiguration.redisConnectionFactory - ✅ Configuring Redis connection to localhost:6379 with no authentication
31-12-2025 11:46:57.583 [main] INFO  c.t.b.c.configs.CustomNamingStrategy.init - ✅ Custom naming strategy initialized with development profile (prefix: '')
31-12-2025 11:46:57.808 [main] WARN  com.zaxxer.hikari.HikariConfig.validateNumerics - HikariPool-1 - idleTimeout has been set but has no effect because the pool is operating as a fixed size pool.
31-12-2025 11:46:57.810 [main] INFO  com.zaxxer.hikari.HikariDataSource.getConnection - HikariPool-1 - Starting...
31-12-2025 11:46:59.989 [main] INFO  com.zaxxer.hikari.pool.HikariPool.checkFailFast - HikariPool-1 - Added connection org.postgresql.jdbc.PgConnection@56114349
31-12-2025 11:46:59.991 [main] INFO  com.zaxxer.hikari.HikariDataSource.getConnection - HikariPool-1 - Start completed.
31-12-2025 11:47:05.722 [main] WARN  o.h.e.jdbc.spi.SqlExceptionHelper.logWarning - SQL Warning Code: 0, SQLState: 00000
31-12-2025 11:47:05.723 [main] WARN  o.h.e.jdbc.spi.SqlExceptionHelper.logWarning - constraint "ukclujw4wu21d33ssgde022aymk" of relation "projects" does not exist, skipping
31-12-2025 11:47:06.978 [main] WARN  o.h.e.jdbc.spi.SqlExceptionHelper.logWarning - SQL Warning Code: 0, SQLState: 00000
31-12-2025 11:47:06.978 [main] WARN  o.h.e.jdbc.spi.SqlExceptionHelper.logWarning - constraint "ukm4y588r1ixda9l1q6h1r7vp8" of relation "task_documents" does not exist, skipping
31-12-2025 11:47:07.349 [HikariPool-1 housekeeper] WARN  c.zaxxer.hikari.pool.ProxyLeakTask.run - Connection leak detection triggered for org.postgresql.jdbc.PgConnection@56114349 on thread main, stack trace follows
java.lang.Exception: Apparent connection leak detected
	at com.zaxxer.hikari.HikariDataSource.getConnection(HikariDataSource.java:127)
	at org.hibernate.engine.jdbc.connections.internal.DatasourceConnectionProviderImpl.getConnection(DatasourceConnectionProviderImpl.java:126)
	at org.hibernate.engine.jdbc.env.internal.JdbcEnvironmentInitiator$ConnectionProviderJdbcConnectionAccess.obtainConnection(JdbcEnvironmentInitiator.java:467)
	at org.hibernate.resource.transaction.backend.jdbc.internal.DdlTransactionIsolatorNonJtaImpl.getIsolatedConnection(DdlTransactionIsolatorNonJtaImpl.java:46)
	at org.hibernate.resource.transaction.backend.jdbc.internal.DdlTransactionIsolatorNonJtaImpl.getIsolatedConnection(DdlTransactionIsolatorNonJtaImpl.java:39)
	at org.hibernate.tool.schema.internal.exec.ImprovedExtractionContextImpl.getJdbcConnection(ImprovedExtractionContextImpl.java:63)
	at org.hibernate.tool.schema.extract.spi.ExtractionContext.getQueryResults(ExtractionContext.java:43)
	at org.hibernate.tool.schema.extract.internal.SequenceInformationExtractorLegacyImpl.extractMetadata(SequenceInformationExtractorLegacyImpl.java:39)
	at org.hibernate.tool.schema.extract.internal.DatabaseInformationImpl.initializeSequences(DatabaseInformationImpl.java:66)
	at org.hibernate.tool.schema.extract.internal.DatabaseInformationImpl.<init>(DatabaseInformationImpl.java:60)
	at org.hibernate.tool.schema.internal.Helper.buildDatabaseInformation(Helper.java:185)
	at org.hibernate.tool.schema.internal.AbstractSchemaMigrator.doMigration(AbstractSchemaMigrator.java:93)
	at org.hibernate.tool.schema.spi.SchemaManagementToolCoordinator.performDatabaseAction(SchemaManagementToolCoordinator.java:280)
	at org.hibernate.tool.schema.spi.SchemaManagementToolCoordinator.lambda$process$5(SchemaManagementToolCoordinator.java:144)
	at java.base/java.util.HashMap.forEach(HashMap.java:1429)
	at org.hibernate.tool.schema.spi.SchemaManagementToolCoordinator.process(SchemaManagementToolCoordinator.java:141)
	at org.hibernate.boot.internal.SessionFactoryObserverForSchemaExport.sessionFactoryCreated(SessionFactoryObserverForSchemaExport.java:37)
	at org.hibernate.internal.SessionFactoryObserverChain.sessionFactoryCreated(SessionFactoryObserverChain.java:35)
	at org.hibernate.internal.SessionFactoryImpl.<init>(SessionFactoryImpl.java:324)
	at org.hibernate.boot.internal.SessionFactoryBuilderImpl.build(SessionFactoryBuilderImpl.java:463)
	at org.hibernate.jpa.boot.internal.EntityManagerFactoryBuilderImpl.build(EntityManagerFactoryBuilderImpl.java:1517)
	at org.springframework.orm.jpa.vendor.SpringHibernateJpaPersistenceProvider.createContainerEntityManagerFactory(SpringHibernateJpaPersistenceProvider.java:66)
	at org.springframework.orm.jpa.LocalContainerEntityManagerFactoryBean.createNativeEntityManagerFactory(LocalContainerEntityManagerFactoryBean.java:390)
	at org.springframework.orm.jpa.AbstractEntityManagerFactoryBean.buildNativeEntityManagerFactory(AbstractEntityManagerFactoryBean.java:419)
	at org.springframework.orm.jpa.AbstractEntityManagerFactoryBean.afterPropertiesSet(AbstractEntityManagerFactoryBean.java:400)
	at org.springframework.orm.jpa.LocalContainerEntityManagerFactoryBean.afterPropertiesSet(LocalContainerEntityManagerFactoryBean.java:366)
	at org.springframework.beans.factory.support.AbstractAutowireCapableBeanFactory.invokeInitMethods(AbstractAutowireCapableBeanFactory.java:1865)
	at org.springframework.beans.factory.support.AbstractAutowireCapableBeanFactory.initializeBean(AbstractAutowireCapableBeanFactory.java:1814)
	at org.springframework.beans.factory.support.AbstractAutowireCapableBeanFactory.doCreateBean(AbstractAutowireCapableBeanFactory.java:607)
	at org.springframework.beans.factory.support.AbstractAutowireCapableBeanFactory.createBean(AbstractAutowireCapableBeanFactory.java:529)
	at org.springframework.beans.factory.support.AbstractBeanFactory.lambda$doGetBean$0(AbstractBeanFactory.java:339)
	at org.springframework.beans.factory.support.DefaultSingletonBeanRegistry.getSingleton(DefaultSingletonBeanRegistry.java:371)
	at org.springframework.beans.factory.support.AbstractBeanFactory.doGetBean(AbstractBeanFactory.java:337)
	at org.springframework.beans.factory.support.AbstractBeanFactory.getBean(AbstractBeanFactory.java:202)
	at org.springframework.beans.factory.support.BeanDefinitionValueResolver.resolveReference(BeanDefinitionValueResolver.java:365)
	at org.springframework.beans.factory.support.BeanDefinitionValueResolver.resolveValueIfNecessary(BeanDefinitionValueResolver.java:135)
	at org.springframework.beans.factory.support.ConstructorResolver.resolveConstructorArguments(ConstructorResolver.java:691)
	at org.springframework.beans.factory.support.ConstructorResolver.instantiateUsingFactoryMethod(ConstructorResolver.java:513)
	at org.springframework.beans.factory.support.AbstractAutowireCapableBeanFactory.instantiateUsingFactoryMethod(AbstractAutowireCapableBeanFactory.java:1367)
	at org.springframework.beans.factory.support.AbstractAutowireCapableBeanFactory.createBeanInstance(AbstractAutowireCapableBeanFactory.java:1197)
	at org.springframework.beans.factory.support.AbstractAutowireCapableBeanFactory.doCreateBean(AbstractAutowireCapableBeanFactory.java:569)
	at org.springframework.beans.factory.support.AbstractAutowireCapableBeanFactory.createBean(AbstractAutowireCapableBeanFactory.java:529)
	at org.springframework.beans.factory.support.AbstractBeanFactory.lambda$doGetBean$0(AbstractBeanFactory.java:339)
	at org.springframework.beans.factory.support.DefaultSingletonBeanRegistry.getSingleton(DefaultSingletonBeanRegistry.java:371)
	at org.springframework.beans.factory.support.AbstractBeanFactory.doGetBean(AbstractBeanFactory.java:337)
	at org.springframework.beans.factory.support.AbstractBeanFactory.getBean(AbstractBeanFactory.java:202)
	at org.springframework.beans.factory.support.BeanDefinitionValueResolver.resolveReference(BeanDefinitionValueResolver.java:365)
	at org.springframework.beans.factory.support.BeanDefinitionValueResolver.resolveValueIfNecessary(BeanDefinitionValueResolver.java:135)
	at org.springframework.beans.factory.support.AbstractAutowireCapableBeanFactory.applyPropertyValues(AbstractAutowireCapableBeanFactory.java:1717)
	at org.springframework.beans.factory.support.AbstractAutowireCapableBeanFactory.populateBean(AbstractAutowireCapableBeanFactory.java:1466)
	at org.springframework.beans.factory.support.AbstractAutowireCapableBeanFactory.doCreateBean(AbstractAutowireCapableBeanFactory.java:606)
	at org.springframework.beans.factory.support.AbstractAutowireCapableBeanFactory.createBean(AbstractAutowireCapableBeanFactory.java:529)
	at org.springframework.beans.factory.support.AbstractBeanFactory.lambda$doGetBean$0(AbstractBeanFactory.java:339)
	at org.springframework.beans.factory.support.DefaultSingletonBeanRegistry.getSingleton(DefaultSingletonBeanRegistry.java:371)
	at org.springframework.beans.factory.support.AbstractBeanFactory.doGetBean(AbstractBeanFactory.java:337)
	at org.springframework.beans.factory.support.AbstractBeanFactory.getBean(AbstractBeanFactory.java:202)
	at org.springframework.beans.factory.config.DependencyDescriptor.resolveCandidate(DependencyDescriptor.java:254)
	at org.springframework.beans.factory.support.DefaultListableBeanFactory.doResolveDependency(DefaultListableBeanFactory.java:1739)
	at org.springframework.beans.factory.support.DefaultListableBeanFactory.resolveDependency(DefaultListableBeanFactory.java:1627)
	at org.springframework.beans.factory.support.ConstructorResolver.resolveAutowiredArgument(ConstructorResolver.java:913)
	at org.springframework.beans.factory.support.ConstructorResolver.createArgumentArray(ConstructorResolver.java:791)
	at org.springframework.beans.factory.support.ConstructorResolver.autowireConstructor(ConstructorResolver.java:240)
	at org.springframework.beans.factory.support.AbstractAutowireCapableBeanFactory.autowireConstructor(AbstractAutowireCapableBeanFactory.java:1387)
	at org.springframework.beans.factory.support.AbstractAutowireCapableBeanFactory.createBeanInstance(AbstractAutowireCapableBeanFactory.java:1224)
	at org.springframework.beans.factory.support.AbstractAutowireCapableBeanFactory.doCreateBean(AbstractAutowireCapableBeanFactory.java:569)
	at org.springframework.beans.factory.support.AbstractAutowireCapableBeanFactory.createBean(AbstractAutowireCapableBeanFactory.java:529)
	at org.springframework.beans.factory.support.AbstractBeanFactory.lambda$doGetBean$0(AbstractBeanFactory.java:339)
	at org.springframework.beans.factory.support.DefaultSingletonBeanRegistry.getSingleton(DefaultSingletonBeanRegistry.java:371)
	at org.springframework.beans.factory.support.AbstractBeanFactory.doGetBean(AbstractBeanFactory.java:337)
	at org.springframework.beans.factory.support.AbstractBeanFactory.getBean(AbstractBeanFactory.java:202)
	at org.springframework.beans.factory.support.DefaultListableBeanFactory.doResolveDependency(DefaultListableBeanFactory.java:1681)
	at org.springframework.beans.factory.support.DefaultListableBeanFactory.resolveDependency(DefaultListableBeanFactory.java:1627)
	at org.springframework.beans.factory.support.ConstructorResolver.resolveAutowiredArgument(ConstructorResolver.java:913)
	at org.springframework.beans.factory.support.ConstructorResolver.createArgumentArray(ConstructorResolver.java:791)
	at org.springframework.beans.factory.support.ConstructorResolver.autowireConstructor(ConstructorResolver.java:240)
	at org.springframework.beans.factory.support.AbstractAutowireCapableBeanFactory.autowireConstructor(AbstractAutowireCapableBeanFactory.java:1387)
	at org.springframework.beans.factory.support.AbstractAutowireCapableBeanFactory.createBeanInstance(AbstractAutowireCapableBeanFactory.java:1224)
	at org.springframework.beans.factory.support.AbstractAutowireCapableBeanFactory.doCreateBean(AbstractAutowireCapableBeanFactory.java:569)
	at org.springframework.beans.factory.support.AbstractAutowireCapableBeanFactory.createBean(AbstractAutowireCapableBeanFactory.java:529)
	at org.springframework.beans.factory.support.AbstractBeanFactory.lambda$doGetBean$0(AbstractBeanFactory.java:339)
	at org.springframework.beans.factory.support.DefaultSingletonBeanRegistry.getSingleton(DefaultSingletonBeanRegistry.java:371)
	at org.springframework.beans.factory.support.AbstractBeanFactory.doGetBean(AbstractBeanFactory.java:337)
	at org.springframework.beans.factory.support.AbstractBeanFactory.getBean(AbstractBeanFactory.java:207)
	at org.springframework.boot.web.servlet.ServletContextInitializerBeans.getOrderedBeansOfType(ServletContextInitializerBeans.java:211)
	at org.springframework.boot.web.servlet.ServletContextInitializerBeans.addAsRegistrationBean(ServletContextInitializerBeans.java:174)
	at org.springframework.boot.web.servlet.ServletContextInitializerBeans.addAsRegistrationBean(ServletContextInitializerBeans.java:169)
	at org.springframework.boot.web.servlet.ServletContextInitializerBeans.addAdaptableBeans(ServletContextInitializerBeans.java:154)
	at org.springframework.boot.web.servlet.ServletContextInitializerBeans.<init>(ServletContextInitializerBeans.java:87)
	at org.springframework.boot.web.servlet.context.ServletWebServerApplicationContext.getServletContextInitializerBeans(ServletWebServerApplicationContext.java:271)
	at org.springframework.boot.web.servlet.context.ServletWebServerApplicationContext.selfInitialize(ServletWebServerApplicationContext.java:245)
	at org.springframework.boot.web.embedded.tomcat.TomcatStarter.onStartup(TomcatStarter.java:52)
	at org.apache.catalina.core.StandardContext.startInternal(StandardContext.java:4464)
	at org.apache.catalina.util.LifecycleBase.start(LifecycleBase.java:164)
	at org.apache.catalina.core.ContainerBase$StartChild.call(ContainerBase.java:1203)
	at org.apache.catalina.core.ContainerBase$StartChild.call(ContainerBase.java:1193)
	at java.base/java.util.concurrent.FutureTask.run$$$capture(FutureTask.java:317)
	at java.base/java.util.concurrent.FutureTask.run(FutureTask.java)
	at org.apache.tomcat.util.threads.InlineExecutorService.execute(InlineExecutorService.java:75)
	at java.base/java.util.concurrent.AbstractExecutorService.submit(AbstractExecutorService.java:145)
	at org.apache.catalina.core.ContainerBase.startInternal(ContainerBase.java:749)
	at org.apache.catalina.core.StandardHost.startInternal(StandardHost.java:772)
	at org.apache.catalina.util.LifecycleBase.start(LifecycleBase.java:164)
	at org.apache.catalina.core.ContainerBase$StartChild.call(ContainerBase.java:1203)
	at org.apache.catalina.core.ContainerBase$StartChild.call(ContainerBase.java:1193)
	at java.base/java.util.concurrent.FutureTask.run$$$capture(FutureTask.java:317)
	at java.base/java.util.concurrent.FutureTask.run(FutureTask.java)
	at org.apache.tomcat.util.threads.InlineExecutorService.execute(InlineExecutorService.java:75)
	at java.base/java.util.concurrent.AbstractExecutorService.submit(AbstractExecutorService.java:145)
	at org.apache.catalina.core.ContainerBase.startInternal(ContainerBase.java:749)
	at org.apache.catalina.core.StandardEngine.startInternal(StandardEngine.java:203)
	at org.apache.catalina.util.LifecycleBase.start(LifecycleBase.java:164)
	at org.apache.catalina.core.StandardService.startInternal(StandardService.java:412)
	at org.apache.catalina.util.LifecycleBase.start(LifecycleBase.java:164)
	at org.apache.catalina.core.StandardServer.startInternal(StandardServer.java:870)
	at org.apache.catalina.util.LifecycleBase.start(LifecycleBase.java:164)
	at org.apache.catalina.startup.Tomcat.start(Tomcat.java:438)
	at org.springframework.boot.web.embedded.tomcat.TomcatWebServer.initialize(TomcatWebServer.java:128)
	at org.springframework.boot.web.embedded.tomcat.TomcatWebServer.<init>(TomcatWebServer.java:107)
	at org.springframework.boot.web.embedded.tomcat.TomcatServletWebServerFactory.getTomcatWebServer(TomcatServletWebServerFactory.java:517)
	at org.springframework.boot.web.embedded.tomcat.TomcatServletWebServerFactory.getWebServer(TomcatServletWebServerFactory.java:219)
	at org.springframework.boot.web.servlet.context.ServletWebServerApplicationContext.createWebServer(ServletWebServerApplicationContext.java:193)
	at org.springframework.boot.web.servlet.context.ServletWebServerApplicationContext.onRefresh(ServletWebServerApplicationContext.java:167)
	at org.springframework.context.support.AbstractApplicationContext.refresh(AbstractApplicationContext.java:621)
	at org.springframework.boot.web.servlet.context.ServletWebServerApplicationContext.refresh(ServletWebServerApplicationContext.java:146)
	at org.springframework.boot.SpringApplication.refresh(SpringApplication.java:753)
	at org.springframework.boot.SpringApplication.refreshContext(SpringApplication.java:439)
	at org.springframework.boot.SpringApplication.run(SpringApplication.java:318)
	at com.tnh.baseware.core.BasewareCoreApplication.main(BasewareCoreApplication.java:39)
31-12-2025 11:47:07.560 [main] WARN  o.h.e.jdbc.spi.SqlExceptionHelper.logWarning - SQL Warning Code: 0, SQLState: 00000
31-12-2025 11:47:07.561 [main] WARN  o.h.e.jdbc.spi.SqlExceptionHelper.logWarning - constraint "uk4y393rf05apoui6wyu79lvtxf" of relation "user_organizations" does not exist, skipping
31-12-2025 11:47:31.234 [main] INFO  c.zaxxer.hikari.pool.ProxyLeakTask.cancel - Previously reported leaked connection org.postgresql.jdbc.PgConnection@56114349 on thread main was returned to the pool (unleaked)
31-12-2025 11:47:31.504 [main] INFO  o.s.d.j.r.query.QueryEnhancerFactory.<clinit> - Hibernate is in classpath; If applicable, HQL parser will be used.
31-12-2025 11:47:32.275 [main] INFO  c.t.b.core.components.EnumRegistry.initializeEnumRegistry - Initializing Enum Registry...
31-12-2025 11:47:32.288 [main] INFO  c.t.b.core.components.EnumRegistry.scanAndCacheEnums - Successfully cached 30 enums
31-12-2025 11:47:32.289 [main] INFO  c.t.b.core.components.EnumRegistry.initializeEnumRegistry - Enum Registry initialized with 30 enums: [CategoryCode, Operator, OrganizationLevel, TaskPriority, AlertSeverity, TaskAction, TitleDefault, DocumentFileType, SpringProfile, AlertTargetType, ZoneType, TokenType, ProjectAction, ExternalSource, TaskType, TaskDocumentRelationType, DocumentType, InboundStatus, AlertSource, TaskStatus, DocumentStatus, AlertChannel, ProjectStatus, TaskName, AgentRole, ProjectType, LogActionType, MemberStatus, UserType, TaskDependencyType]
31-12-2025 11:47:34.146 [main] INFO  o.s.s.c.a.a.c.InitializeAuthenticationProviderBeanManagerConfigurer$InitializeAuthenticationProviderManagerConfigurer.configure - Global AuthenticationManager configured with AuthenticationProvider bean with name customAuthenticationProvider
31-12-2025 11:47:34.368 [main] INFO  c.t.b.c.configs.AsyncConfiguration.executor - ✅ Async Executor initialized with corePoolSize=10, maxPoolSize=50, queueCapacity=100
31-12-2025 11:47:35.181 [main] INFO  c.t.b.c.c.SecurityConfiguration.securityFilterChain - ✅ Security filter chain configured successfully
31-12-2025 11:47:36.259 [main] INFO  o.s.b.w.e.tomcat.TomcatWebServer.start - Tomcat started on port 9999 (http) with context path '/'
31-12-2025 11:47:36.271 [main] INFO  c.t.b.core.BasewareCoreApplication.logStarted - Started BasewareCoreApplication in 42.353 seconds (process running for 43.018)
31-12-2025 11:47:36.491 [main] INFO  c.t.b.core.configs.DataInitializer.initRoles - Initializing roles...
31-12-2025 11:47:36.786 [main] INFO  c.t.b.core.configs.DataInitializer.initCategories - Initializing categories...
31-12-2025 11:47:38.083 [main] INFO  c.t.b.core.configs.DataInitializer.initUsers - Initializing users...
31-12-2025 11:47:38.515 [main] INFO  c.t.b.core.BasewareCoreApplication.logApplicationStartup - ----------------------------------------------------------
	Application 'tnh-taskmaster' is running! Access URLs:
	Local: 	http://localhost:9999/
	External: 	http://localhost:9999/
	Profile(s): 	[init, tls, uribypass, openapi, dev]
	Startup time: 2244ms
	JVM Version: 21.0.5
----------------------------------------------------------
31-12-2025 11:47:38.515 [main] INFO  c.t.b.core.BasewareCoreApplication.validateProfiles - ✅ Application started with profile(s): [init, tls, uribypass, openapi, dev]
31-12-2025 11:51:35.467 [SpringApplicationShutdownHook] INFO  o.s.b.w.e.tomcat.GracefulShutdown.shutDownGracefully - Commencing graceful shutdown. Waiting for active requests to complete
31-12-2025 11:51:35.468 [tomcat-shutdown] INFO  o.s.b.w.e.tomcat.GracefulShutdown.doShutdown - Graceful shutdown complete
31-12-2025 11:51:37.516 [SpringApplicationShutdownHook] INFO  c.t.b.c.configs.AsyncConfiguration.shutdownExecutor - ✅ Shutting down Async Executor...
31-12-2025 11:51:37.519 [SpringApplicationShutdownHook] INFO  c.t.b.c.configs.AsyncConfiguration.shutdownExecutor - ✅ Async Executor shutdown completed
31-12-2025 11:51:37.522 [SpringApplicationShutdownHook] INFO  com.zaxxer.hikari.HikariDataSource.close - HikariPool-1 - Shutdown initiated...
31-12-2025 11:51:38.566 [SpringApplicationShutdownHook] INFO  com.zaxxer.hikari.HikariDataSource.close - HikariPool-1 - Shutdown completed.
31-12-2025 11:51:43.047 [main] INFO  c.t.b.core.BasewareCoreApplication.logStarting - Starting BasewareCoreApplication using Java 21.0.5 with PID 34068 (D:\VNPTProject\workdesk-backend\target\classes started by Tan Nga in D:\VNPTProject\workdesk-backend)
31-12-2025 11:51:43.049 [main] INFO  c.t.b.core.BasewareCoreApplication.logStartupProfileInfo - The following 5 profiles are active: "init", "tls", "uribypass", "openapi", "dev"
31-12-2025 11:51:45.428 [main] INFO  o.s.b.w.e.tomcat.TomcatWebServer.initialize - Tomcat initialized with port 9999 (http)
31-12-2025 11:51:45.438 [main] INFO  o.a.catalina.core.StandardService.log - Starting service [Tomcat]
31-12-2025 11:51:45.440 [main] INFO  o.a.catalina.core.StandardEngine.log - Starting Servlet engine: [Apache Tomcat/10.1.40]
31-12-2025 11:51:45.513 [main] INFO  o.a.c.c.C.[Tomcat].[localhost].[/].log - Initializing Spring embedded WebApplicationContext
31-12-2025 11:51:45.513 [main] INFO  o.s.b.w.s.c.ServletWebServerApplicationContext.prepareWebApplicationContext - Root WebApplicationContext: initialization completed in 2427 ms
31-12-2025 11:51:45.896 [main] INFO  c.t.b.c.configs.CacheConfiguration.redisConnectionFactory - ✅ Configuring Redis connection to localhost:6379 with no authentication
31-12-2025 11:51:46.293 [main] INFO  c.t.b.c.configs.CustomNamingStrategy.init - ✅ Custom naming strategy initialized with development profile (prefix: '')
31-12-2025 11:51:46.529 [main] WARN  com.zaxxer.hikari.HikariConfig.validateNumerics - HikariPool-1 - idleTimeout has been set but has no effect because the pool is operating as a fixed size pool.
31-12-2025 11:51:46.529 [main] INFO  com.zaxxer.hikari.HikariDataSource.getConnection - HikariPool-1 - Starting...
31-12-2025 11:51:48.931 [main] INFO  com.zaxxer.hikari.pool.HikariPool.checkFailFast - HikariPool-1 - Added connection org.postgresql.jdbc.PgConnection@6c65a7fc
31-12-2025 11:51:48.932 [main] INFO  com.zaxxer.hikari.HikariDataSource.getConnection - HikariPool-1 - Start completed.
31-12-2025 11:51:55.258 [main] WARN  o.h.e.jdbc.spi.SqlExceptionHelper.logWarning - SQL Warning Code: 0, SQLState: 00000
31-12-2025 11:51:55.258 [main] WARN  o.h.e.jdbc.spi.SqlExceptionHelper.logWarning - constraint "ukclujw4wu21d33ssgde022aymk" of relation "projects" does not exist, skipping
31-12-2025 11:51:56.457 [HikariPool-1 housekeeper] WARN  c.zaxxer.hikari.pool.ProxyLeakTask.run - Connection leak detection triggered for org.postgresql.jdbc.PgConnection@6c65a7fc on thread main, stack trace follows
java.lang.Exception: Apparent connection leak detected
	at com.zaxxer.hikari.HikariDataSource.getConnection(HikariDataSource.java:127)
	at org.hibernate.engine.jdbc.connections.internal.DatasourceConnectionProviderImpl.getConnection(DatasourceConnectionProviderImpl.java:126)
	at org.hibernate.engine.jdbc.env.internal.JdbcEnvironmentInitiator$ConnectionProviderJdbcConnectionAccess.obtainConnection(JdbcEnvironmentInitiator.java:467)
	at org.hibernate.resource.transaction.backend.jdbc.internal.DdlTransactionIsolatorNonJtaImpl.getIsolatedConnection(DdlTransactionIsolatorNonJtaImpl.java:46)
	at org.hibernate.resource.transaction.backend.jdbc.internal.DdlTransactionIsolatorNonJtaImpl.getIsolatedConnection(DdlTransactionIsolatorNonJtaImpl.java:39)
	at org.hibernate.tool.schema.internal.exec.ImprovedExtractionContextImpl.getJdbcConnection(ImprovedExtractionContextImpl.java:63)
	at org.hibernate.tool.schema.extract.spi.ExtractionContext.getQueryResults(ExtractionContext.java:43)
	at org.hibernate.tool.schema.extract.internal.SequenceInformationExtractorLegacyImpl.extractMetadata(SequenceInformationExtractorLegacyImpl.java:39)
	at org.hibernate.tool.schema.extract.internal.DatabaseInformationImpl.initializeSequences(DatabaseInformationImpl.java:66)
	at org.hibernate.tool.schema.extract.internal.DatabaseInformationImpl.<init>(DatabaseInformationImpl.java:60)
	at org.hibernate.tool.schema.internal.Helper.buildDatabaseInformation(Helper.java:185)
	at org.hibernate.tool.schema.internal.AbstractSchemaMigrator.doMigration(AbstractSchemaMigrator.java:93)
	at org.hibernate.tool.schema.spi.SchemaManagementToolCoordinator.performDatabaseAction(SchemaManagementToolCoordinator.java:280)
	at org.hibernate.tool.schema.spi.SchemaManagementToolCoordinator.lambda$process$5(SchemaManagementToolCoordinator.java:144)
	at java.base/java.util.HashMap.forEach(HashMap.java:1429)
	at org.hibernate.tool.schema.spi.SchemaManagementToolCoordinator.process(SchemaManagementToolCoordinator.java:141)
	at org.hibernate.boot.internal.SessionFactoryObserverForSchemaExport.sessionFactoryCreated(SessionFactoryObserverForSchemaExport.java:37)
	at org.hibernate.internal.SessionFactoryObserverChain.sessionFactoryCreated(SessionFactoryObserverChain.java:35)
	at org.hibernate.internal.SessionFactoryImpl.<init>(SessionFactoryImpl.java:324)
	at org.hibernate.boot.internal.SessionFactoryBuilderImpl.build(SessionFactoryBuilderImpl.java:463)
	at org.hibernate.jpa.boot.internal.EntityManagerFactoryBuilderImpl.build(EntityManagerFactoryBuilderImpl.java:1517)
	at org.springframework.orm.jpa.vendor.SpringHibernateJpaPersistenceProvider.createContainerEntityManagerFactory(SpringHibernateJpaPersistenceProvider.java:66)
	at org.springframework.orm.jpa.LocalContainerEntityManagerFactoryBean.createNativeEntityManagerFactory(LocalContainerEntityManagerFactoryBean.java:390)
	at org.springframework.orm.jpa.AbstractEntityManagerFactoryBean.buildNativeEntityManagerFactory(AbstractEntityManagerFactoryBean.java:419)
	at org.springframework.orm.jpa.AbstractEntityManagerFactoryBean.afterPropertiesSet(AbstractEntityManagerFactoryBean.java:400)
	at org.springframework.orm.jpa.LocalContainerEntityManagerFactoryBean.afterPropertiesSet(LocalContainerEntityManagerFactoryBean.java:366)
	at org.springframework.beans.factory.support.AbstractAutowireCapableBeanFactory.invokeInitMethods(AbstractAutowireCapableBeanFactory.java:1865)
	at org.springframework.beans.factory.support.AbstractAutowireCapableBeanFactory.initializeBean(AbstractAutowireCapableBeanFactory.java:1814)
	at org.springframework.beans.factory.support.AbstractAutowireCapableBeanFactory.doCreateBean(AbstractAutowireCapableBeanFactory.java:607)
	at org.springframework.beans.factory.support.AbstractAutowireCapableBeanFactory.createBean(AbstractAutowireCapableBeanFactory.java:529)
	at org.springframework.beans.factory.support.AbstractBeanFactory.lambda$doGetBean$0(AbstractBeanFactory.java:339)
	at org.springframework.beans.factory.support.DefaultSingletonBeanRegistry.getSingleton(DefaultSingletonBeanRegistry.java:371)
	at org.springframework.beans.factory.support.AbstractBeanFactory.doGetBean(AbstractBeanFactory.java:337)
	at org.springframework.beans.factory.support.AbstractBeanFactory.getBean(AbstractBeanFactory.java:202)
	at org.springframework.beans.factory.support.BeanDefinitionValueResolver.resolveReference(BeanDefinitionValueResolver.java:365)
	at org.springframework.beans.factory.support.BeanDefinitionValueResolver.resolveValueIfNecessary(BeanDefinitionValueResolver.java:135)
	at org.springframework.beans.factory.support.ConstructorResolver.resolveConstructorArguments(ConstructorResolver.java:691)
	at org.springframework.beans.factory.support.ConstructorResolver.instantiateUsingFactoryMethod(ConstructorResolver.java:513)
	at org.springframework.beans.factory.support.AbstractAutowireCapableBeanFactory.instantiateUsingFactoryMethod(AbstractAutowireCapableBeanFactory.java:1367)
	at org.springframework.beans.factory.support.AbstractAutowireCapableBeanFactory.createBeanInstance(AbstractAutowireCapableBeanFactory.java:1197)
	at org.springframework.beans.factory.support.AbstractAutowireCapableBeanFactory.doCreateBean(AbstractAutowireCapableBeanFactory.java:569)
	at org.springframework.beans.factory.support.AbstractAutowireCapableBeanFactory.createBean(AbstractAutowireCapableBeanFactory.java:529)
	at org.springframework.beans.factory.support.AbstractBeanFactory.lambda$doGetBean$0(AbstractBeanFactory.java:339)
	at org.springframework.beans.factory.support.DefaultSingletonBeanRegistry.getSingleton(DefaultSingletonBeanRegistry.java:371)
	at org.springframework.beans.factory.support.AbstractBeanFactory.doGetBean(AbstractBeanFactory.java:337)
	at org.springframework.beans.factory.support.AbstractBeanFactory.getBean(AbstractBeanFactory.java:202)
	at org.springframework.beans.factory.support.BeanDefinitionValueResolver.resolveReference(BeanDefinitionValueResolver.java:365)
	at org.springframework.beans.factory.support.BeanDefinitionValueResolver.resolveValueIfNecessary(BeanDefinitionValueResolver.java:135)
	at org.springframework.beans.factory.support.AbstractAutowireCapableBeanFactory.applyPropertyValues(AbstractAutowireCapableBeanFactory.java:1717)
	at org.springframework.beans.factory.support.AbstractAutowireCapableBeanFactory.populateBean(AbstractAutowireCapableBeanFactory.java:1466)
	at org.springframework.beans.factory.support.AbstractAutowireCapableBeanFactory.doCreateBean(AbstractAutowireCapableBeanFactory.java:606)
	at org.springframework.beans.factory.support.AbstractAutowireCapableBeanFactory.createBean(AbstractAutowireCapableBeanFactory.java:529)
	at org.springframework.beans.factory.support.AbstractBeanFactory.lambda$doGetBean$0(AbstractBeanFactory.java:339)
	at org.springframework.beans.factory.support.DefaultSingletonBeanRegistry.getSingleton(DefaultSingletonBeanRegistry.java:371)
	at org.springframework.beans.factory.support.AbstractBeanFactory.doGetBean(AbstractBeanFactory.java:337)
	at org.springframework.beans.factory.support.AbstractBeanFactory.getBean(AbstractBeanFactory.java:202)
	at org.springframework.beans.factory.config.DependencyDescriptor.resolveCandidate(DependencyDescriptor.java:254)
	at org.springframework.beans.factory.support.DefaultListableBeanFactory.doResolveDependency(DefaultListableBeanFactory.java:1739)
	at org.springframework.beans.factory.support.DefaultListableBeanFactory.resolveDependency(DefaultListableBeanFactory.java:1627)
	at org.springframework.beans.factory.support.ConstructorResolver.resolveAutowiredArgument(ConstructorResolver.java:913)
	at org.springframework.beans.factory.support.ConstructorResolver.createArgumentArray(ConstructorResolver.java:791)
	at org.springframework.beans.factory.support.ConstructorResolver.autowireConstructor(ConstructorResolver.java:240)
	at org.springframework.beans.factory.support.AbstractAutowireCapableBeanFactory.autowireConstructor(AbstractAutowireCapableBeanFactory.java:1387)
	at org.springframework.beans.factory.support.AbstractAutowireCapableBeanFactory.createBeanInstance(AbstractAutowireCapableBeanFactory.java:1224)
	at org.springframework.beans.factory.support.AbstractAutowireCapableBeanFactory.doCreateBean(AbstractAutowireCapableBeanFactory.java:569)
	at org.springframework.beans.factory.support.AbstractAutowireCapableBeanFactory.createBean(AbstractAutowireCapableBeanFactory.java:529)
	at org.springframework.beans.factory.support.AbstractBeanFactory.lambda$doGetBean$0(AbstractBeanFactory.java:339)
	at org.springframework.beans.factory.support.DefaultSingletonBeanRegistry.getSingleton(DefaultSingletonBeanRegistry.java:371)
	at org.springframework.beans.factory.support.AbstractBeanFactory.doGetBean(AbstractBeanFactory.java:337)
	at org.springframework.beans.factory.support.AbstractBeanFactory.getBean(AbstractBeanFactory.java:202)
	at org.springframework.beans.factory.support.DefaultListableBeanFactory.doResolveDependency(DefaultListableBeanFactory.java:1681)
	at org.springframework.beans.factory.support.DefaultListableBeanFactory.resolveDependency(DefaultListableBeanFactory.java:1627)
	at org.springframework.beans.factory.support.ConstructorResolver.resolveAutowiredArgument(ConstructorResolver.java:913)
	at org.springframework.beans.factory.support.ConstructorResolver.createArgumentArray(ConstructorResolver.java:791)
	at org.springframework.beans.factory.support.ConstructorResolver.autowireConstructor(ConstructorResolver.java:240)
	at org.springframework.beans.factory.support.AbstractAutowireCapableBeanFactory.autowireConstructor(AbstractAutowireCapableBeanFactory.java:1387)
	at org.springframework.beans.factory.support.AbstractAutowireCapableBeanFactory.createBeanInstance(AbstractAutowireCapableBeanFactory.java:1224)
	at org.springframework.beans.factory.support.AbstractAutowireCapableBeanFactory.doCreateBean(AbstractAutowireCapableBeanFactory.java:569)
	at org.springframework.beans.factory.support.AbstractAutowireCapableBeanFactory.createBean(AbstractAutowireCapableBeanFactory.java:529)
	at org.springframework.beans.factory.support.AbstractBeanFactory.lambda$doGetBean$0(AbstractBeanFactory.java:339)
	at org.springframework.beans.factory.support.DefaultSingletonBeanRegistry.getSingleton(DefaultSingletonBeanRegistry.java:371)
	at org.springframework.beans.factory.support.AbstractBeanFactory.doGetBean(AbstractBeanFactory.java:337)
	at org.springframework.beans.factory.support.AbstractBeanFactory.getBean(AbstractBeanFactory.java:207)
	at org.springframework.boot.web.servlet.ServletContextInitializerBeans.getOrderedBeansOfType(ServletContextInitializerBeans.java:211)
	at org.springframework.boot.web.servlet.ServletContextInitializerBeans.addAsRegistrationBean(ServletContextInitializerBeans.java:174)
	at org.springframework.boot.web.servlet.ServletContextInitializerBeans.addAsRegistrationBean(ServletContextInitializerBeans.java:169)
	at org.springframework.boot.web.servlet.ServletContextInitializerBeans.addAdaptableBeans(ServletContextInitializerBeans.java:154)
	at org.springframework.boot.web.servlet.ServletContextInitializerBeans.<init>(ServletContextInitializerBeans.java:87)
	at org.springframework.boot.web.servlet.context.ServletWebServerApplicationContext.getServletContextInitializerBeans(ServletWebServerApplicationContext.java:271)
	at org.springframework.boot.web.servlet.context.ServletWebServerApplicationContext.selfInitialize(ServletWebServerApplicationContext.java:245)
	at org.springframework.boot.web.embedded.tomcat.TomcatStarter.onStartup(TomcatStarter.java:52)
	at org.apache.catalina.core.StandardContext.startInternal(StandardContext.java:4464)
	at org.apache.catalina.util.LifecycleBase.start(LifecycleBase.java:164)
	at org.apache.catalina.core.ContainerBase$StartChild.call(ContainerBase.java:1203)
	at org.apache.catalina.core.ContainerBase$StartChild.call(ContainerBase.java:1193)
	at java.base/java.util.concurrent.FutureTask.run$$$capture(FutureTask.java:317)
	at java.base/java.util.concurrent.FutureTask.run(FutureTask.java)
	at org.apache.tomcat.util.threads.InlineExecutorService.execute(InlineExecutorService.java:75)
	at java.base/java.util.concurrent.AbstractExecutorService.submit(AbstractExecutorService.java:145)
	at org.apache.catalina.core.ContainerBase.startInternal(ContainerBase.java:749)
	at org.apache.catalina.core.StandardHost.startInternal(StandardHost.java:772)
	at org.apache.catalina.util.LifecycleBase.start(LifecycleBase.java:164)
	at org.apache.catalina.core.ContainerBase$StartChild.call(ContainerBase.java:1203)
	at org.apache.catalina.core.ContainerBase$StartChild.call(ContainerBase.java:1193)
	at java.base/java.util.concurrent.FutureTask.run$$$capture(FutureTask.java:317)
	at java.base/java.util.concurrent.FutureTask.run(FutureTask.java)
	at org.apache.tomcat.util.threads.InlineExecutorService.execute(InlineExecutorService.java:75)
	at java.base/java.util.concurrent.AbstractExecutorService.submit(AbstractExecutorService.java:145)
	at org.apache.catalina.core.ContainerBase.startInternal(ContainerBase.java:749)
	at org.apache.catalina.core.StandardEngine.startInternal(StandardEngine.java:203)
	at org.apache.catalina.util.LifecycleBase.start(LifecycleBase.java:164)
	at org.apache.catalina.core.StandardService.startInternal(StandardService.java:412)
	at org.apache.catalina.util.LifecycleBase.start(LifecycleBase.java:164)
	at org.apache.catalina.core.StandardServer.startInternal(StandardServer.java:870)
	at org.apache.catalina.util.LifecycleBase.start(LifecycleBase.java:164)
	at org.apache.catalina.startup.Tomcat.start(Tomcat.java:438)
	at org.springframework.boot.web.embedded.tomcat.TomcatWebServer.initialize(TomcatWebServer.java:128)
	at org.springframework.boot.web.embedded.tomcat.TomcatWebServer.<init>(TomcatWebServer.java:107)
	at org.springframework.boot.web.embedded.tomcat.TomcatServletWebServerFactory.getTomcatWebServer(TomcatServletWebServerFactory.java:517)
	at org.springframework.boot.web.embedded.tomcat.TomcatServletWebServerFactory.getWebServer(TomcatServletWebServerFactory.java:219)
	at org.springframework.boot.web.servlet.context.ServletWebServerApplicationContext.createWebServer(ServletWebServerApplicationContext.java:193)
	at org.springframework.boot.web.servlet.context.ServletWebServerApplicationContext.onRefresh(ServletWebServerApplicationContext.java:167)
	at org.springframework.context.support.AbstractApplicationContext.refresh(AbstractApplicationContext.java:621)
	at org.springframework.boot.web.servlet.context.ServletWebServerApplicationContext.refresh(ServletWebServerApplicationContext.java:146)
	at org.springframework.boot.SpringApplication.refresh(SpringApplication.java:753)
	at org.springframework.boot.SpringApplication.refreshContext(SpringApplication.java:439)
	at org.springframework.boot.SpringApplication.run(SpringApplication.java:318)
	at com.tnh.baseware.core.BasewareCoreApplication.main(BasewareCoreApplication.java:39)
31-12-2025 11:52:00.084 [main] WARN  o.h.e.jdbc.spi.SqlExceptionHelper.logWarning - SQL Warning Code: 0, SQLState: 00000
31-12-2025 11:52:00.085 [main] WARN  o.h.e.jdbc.spi.SqlExceptionHelper.logWarning - constraint "uklc12oj95glwuai43731cf8kwp" of relation "users_organizations" does not exist, skipping
31-12-2025 11:52:39.875 [main] INFO  c.zaxxer.hikari.pool.ProxyLeakTask.cancel - Previously reported leaked connection org.postgresql.jdbc.PgConnection@6c65a7fc on thread main was returned to the pool (unleaked)
31-12-2025 11:52:40.126 [main] INFO  o.s.d.j.r.query.QueryEnhancerFactory.<clinit> - Hibernate is in classpath; If applicable, HQL parser will be used.
31-12-2025 11:52:40.899 [main] INFO  c.t.b.core.components.EnumRegistry.initializeEnumRegistry - Initializing Enum Registry...
31-12-2025 11:52:40.914 [main] INFO  c.t.b.core.components.EnumRegistry.scanAndCacheEnums - Successfully cached 30 enums
31-12-2025 11:52:40.914 [main] INFO  c.t.b.core.components.EnumRegistry.initializeEnumRegistry - Enum Registry initialized with 30 enums: [CategoryCode, Operator, OrganizationLevel, TaskPriority, AlertSeverity, TaskAction, TitleDefault, DocumentFileType, SpringProfile, AlertTargetType, ZoneType, TokenType, ProjectAction, ExternalSource, TaskType, TaskDocumentRelationType, DocumentType, InboundStatus, AlertSource, TaskStatus, DocumentStatus, AlertChannel, ProjectStatus, TaskName, AgentRole, ProjectType, LogActionType, MemberStatus, UserType, TaskDependencyType]
31-12-2025 11:52:42.873 [main] INFO  o.s.s.c.a.a.c.InitializeAuthenticationProviderBeanManagerConfigurer$InitializeAuthenticationProviderManagerConfigurer.configure - Global AuthenticationManager configured with AuthenticationProvider bean with name customAuthenticationProvider
31-12-2025 11:52:43.095 [main] INFO  c.t.b.c.configs.AsyncConfiguration.executor - ✅ Async Executor initialized with corePoolSize=10, maxPoolSize=50, queueCapacity=100
31-12-2025 11:52:43.845 [main] INFO  c.t.b.c.c.SecurityConfiguration.securityFilterChain - ✅ Security filter chain configured successfully
31-12-2025 11:52:44.860 [main] INFO  o.s.b.w.e.tomcat.TomcatWebServer.start - Tomcat started on port 9999 (http) with context path '/'
31-12-2025 11:52:44.871 [main] INFO  c.t.b.core.BasewareCoreApplication.logStarted - Started BasewareCoreApplication in 62.367 seconds (process running for 63.298)
31-12-2025 11:52:45.088 [main] INFO  c.t.b.core.configs.DataInitializer.initRoles - Initializing roles...
31-12-2025 11:52:45.376 [main] INFO  c.t.b.core.configs.DataInitializer.initCategories - Initializing categories...
31-12-2025 11:52:46.644 [main] INFO  c.t.b.core.configs.DataInitializer.initUsers - Initializing users...
31-12-2025 11:52:47.067 [main] INFO  c.t.b.core.BasewareCoreApplication.logApplicationStartup - ----------------------------------------------------------
	Application 'tnh-taskmaster' is running! Access URLs:
	Local: 	http://localhost:9999/
	External: 	http://localhost:9999/
	Profile(s): 	[init, tls, uribypass, openapi, dev]
	Startup time: 2194ms
	JVM Version: 21.0.5
----------------------------------------------------------
31-12-2025 11:52:47.068 [main] INFO  c.t.b.core.BasewareCoreApplication.validateProfiles - ✅ Application started with profile(s): [init, tls, uribypass, openapi, dev]
31-12-2025 13:59:10.691 [SpringApplicationShutdownHook] INFO  o.s.b.w.e.tomcat.GracefulShutdown.shutDownGracefully - Commencing graceful shutdown. Waiting for active requests to complete
31-12-2025 13:59:10.691 [tomcat-shutdown] INFO  o.s.b.w.e.tomcat.GracefulShutdown.doShutdown - Graceful shutdown complete
31-12-2025 13:59:12.770 [SpringApplicationShutdownHook] INFO  c.t.b.c.configs.AsyncConfiguration.shutdownExecutor - ✅ Shutting down Async Executor...
31-12-2025 13:59:12.770 [SpringApplicationShutdownHook] INFO  c.t.b.c.configs.AsyncConfiguration.shutdownExecutor - ✅ Async Executor shutdown completed
31-12-2025 13:59:12.775 [SpringApplicationShutdownHook] INFO  com.zaxxer.hikari.HikariDataSource.close - HikariPool-1 - Shutdown initiated...
31-12-2025 13:59:13.798 [SpringApplicationShutdownHook] INFO  com.zaxxer.hikari.HikariDataSource.close - HikariPool-1 - Shutdown completed.
